gvkey,datadate,ris,pi,at,lt,teq,ipti,bct
270979,2001-12-31,24.698,27.435,405.512,383.244,,84.135,63.933
270979,2002-12-31,26.443,42.951,377.392,308.439,,81.336,52.566
270979,2003-12-31,38.508,57.244,449.032,340.866,,79.327,43.557
270979,2004-12-31,56.757,117.985,568.709,452.03,,107.501,74.272
270979,2005-12-31,93.405,119.494,663.583,482.171,,139.454,100.526
270979,2006-12-31,131.621,147.342,753.005,533.95,,144.955,107.145
270979,2007-12-31,176.878,182.098,870.322,632.69,,142.236,99.795
270979,2008-12-31,193.863,202.518,1014.003,738.434,,169.836,114.576
270979,2009-12-31,232.6,215.8,1177.4,876.6,,211.9,151.7
270979,2010-12-31,276.2,265.5,1766.7,1416.0,350.7,288.1,208.5
270979,2011-12-31,349.0,299.1,2614.9,2220.5,394.4,445.8,363.8
270979,2012-12-31,361.1,344.6,3204.2,2743.5,460.7,498.9,404.5
270979,2013-12-31,327.8,370.2,3473.8,2949.7,524.1,483.0,303.0
270979,2014-12-31,332.5,350.7,3877.5,3296.6,580.9,464.9,259.1
270979,2015-12-31,319.8,368.7,4202.4,3569.5,632.9,467.0,226.5
270979,2016-12-31,360.6,278.4,4860.8,4279.1,581.7,548.8,394.6
270979,2017-12-31,401.1,403.5,5859.1,5203.3,655.8,619.1,347.1
270979,2018-12-31,449.2,476.2,6802.5,6031.4,771.1,671.8,350.1
270979,2019-12-31,471.9,522.6,7585.4,6666.8,918.6,709.4,359.3
270979,2020-12-31,331.4,608.2,7842.2,6718.8,1123.4,751.6,293.2
270979,2021-12-31,316.6,713.5,8359.7,6951.2,1408.5,855.0,332.3
270979,2022-12-31,320.3,469.0,8938.5,7983.1,955.4,911.0,506.1
270979,2023-12-31,204.4,442.8,7096.2,6103.4,992.8,3150.8,1957.9
254578,2002-12-31,0.987,-1.161,152.496,7.588,,0.0,0.0
254578,2003-12-31,1.358,17.117,445.658,292.273,,131.806,77.644
254578,2004-12-31,0.6,33.4,992.4,714.4,,293.7,182.0
254578,2005-12-31,0.0,16.1,1543.4,1263.0,,372.3,273.0
254578,2006-12-31,0.0,86.8,1884.2,1564.7,,509.6,270.7
254578,2007-12-31,10.1,138.5,2180.7,1782.1,,617.2,307.4
254578,2008-12-31,10.1,87.2,2997.5,2584.8,,683.1,401.1
254578,2009-12-31,12.5,100.7,3505.6,2887.0,,836.7,473.0
254578,2010-12-31,27.2,250.8,5774.3,4691.4,1082.9,1405.2,738.2
254578,2011-12-31,27.1,62.7,6118.7,5047.7,1071.0,1385.0,850.5
254578,2012-12-31,24.2,251.2,6455.4,5243.7,1211.7,1478.5,778.4
254578,2013-12-31,36.1,313.3,6584.6,5245.9,1338.7,1590.5,719.1
254578,2014-12-31,25.5,261.9,6442.7,5100.0,1342.7,1658.9,817.9
254578,2015-12-31,30.4,284.0,6745.4,5304.0,1441.4,1698.7,813.9
254578,2016-12-31,32.5,293.2,7008.5,5524.8,1483.7,1768.2,855.6
254578,2017-12-31,35.2,168.0,7558.7,6059.8,1498.9,1869.4,1075.7
254578,2018-12-31,33.7,76.4,7733.9,6267.0,1466.9,2084.6,1227.8
254578,2019-12-31,25.8,267.7,8873.7,7248.4,1625.3,2347.0,1452.5
254578,2020-12-31,29.6,-50.4,10587.7,8778.2,1809.5,2693.4,1958.3
254578,2021-12-31,28.1,369.2,12807.4,10676.6,2130.8,3147.3,1826.2
254578,2022-12-31,32.1,191.0,15099.0,12525.5,2573.5,3614.2,1956.4
254578,2023-12-31,80.3,1254.4,13665.4,9783.3,3882.1,4315.1,2151.1
270248,2001-12-31,-0.6,14.3,974.1,888.1,,185.6,112.5
270248,2002-12-31,0.1,3.7,940.0,850.4,,229.6,131.1
270248,2003-12-31,7.0,-15.4,987.7,908.9,,142.3,212.8
270248,2004-12-31,0.956,2.536,1023.368,949.416,,171.037,205.596
270248,2005-12-31,58.446,20.456,2076.296,1968.029,,88.982,312.009
270248,2006-12-31,54.246,25.047,2130.209,2015.954,,90.606,243.381
270248,2007-12-31,47.978,27.72,2040.897,1915.113,,84.838,169.759
270248,2008-12-31,45.456,22.727,1679.564,1553.196,,77.081,-143.473
270248,2009-12-31,53.843,44.741,2920.059,2760.291,,75.108,404.538
270248,2010-12-31,72.467,34.168,4843.804,4640.535,203.269,79.255,376.524
270248,2011-12-31,88.544,22.421,4491.954,4282.765,209.189,87.006,-117.24
270248,2012-12-31,86.578,19.682,4650.621,4432.275,218.346,80.184,399.199
270248,2013-12-31,88.93,60.59,5236.708,4989.606,247.102,74.469,601.609
270248,2014-12-31,82.231,28.803,5338.046,5059.213,278.833,76.738,484.086
270248,2015-12-31,80.539,42.788,5367.802,5072.64,295.162,67.938,194.603
270248,2016-12-31,86.831,40.685,6095.763,5702.202,393.561,64.55,541.468
270248,2017-12-31,128.788,89.602,8443.384,7991.728,451.656,177.324,655.169
270248,2018-12-31,138.19,27.012,7817.1,7371.484,445.616,219.38,-119.584
270248,2019-12-31,128.012,96.106,8340.971,7865.48,475.491,224.116,1242.781
270248,2020-12-31,128.185,24.585,9065.496,8578.429,487.067,250.458,474.522
270248,2021-12-31,130.907,28.812,9687.005,9228.838,458.167,196.165,1368.368
270248,2022-12-31,133.358,-146.9,11353.352,11020.235,333.117,272.636,-1071.447
235656,1997-12-31,76.317,64.382,1447.087,986.367,,288.759,127.46
235656,1998-12-31,79.102,77.702,1525.573,1070.195,,365.971,169.187
235656,1999-12-31,83.857,80.581,1585.495,1108.302,,383.179,181.12
235656,2000-12-31,86.56,104.488,1964.17,1410.582,,642.493,399.13
235656,2001-12-31,110.321,89.692,2219.103,1636.178,,756.819,495.724
235656,2002-12-31,113.0,34.0,2450.0,1896.0,,791.0,528.0
235656,2003-12-31,127.0,133.0,2675.0,2050.0,,621.0,297.0
235656,2004-12-31,86.493,79.63,3058.126,2428.28,,698.408,406.698
235656,2005-12-31,90.572,185.387,3954.642,3056.454,,751.12,392.021
235656,2006-12-31,105.096,182.403,5197.676,4183.687,,1031.862,512.921
235656,2007-12-31,138.187,212.725,6571.417,5389.844,,1081.269,544.595
235656,2008-12-31,135.643,56.29,7102.172,5930.94,,1122.106,797.872
235656,2009-12-31,120.433,-223.395,6815.311,5725.976,,1170.886,1106.475
235656,2010-12-31,131.657,160.134,7636.592,6240.276,1396.316,1233.201,640.815
235656,2011-12-31,273.105,127.72,7127.232,5653.202,1474.03,1330.075,1473.092
235656,2012-12-31,312.8,195.144,6082.282,4306.041,1776.241,1159.919,597.506
235656,2013-12-31,175.453,195.388,5993.019,4199.692,1793.327,1251.953,576.263
235656,2014-12-31,172.078,186.284,6587.217,4863.053,1724.164,1257.483,538.721
235656,2015-12-31,161.412,175.963,6882.53,5115.503,1767.027,1311.485,605.344
235656,2016-12-31,144.109,90.178,7061.497,5300.83,1760.667,1243.935,705.655
235656,2017-12-31,229.343,138.705,7223.218,5420.437,1802.781,1109.697,570.863
235656,2018-12-31,227.045,186.818,7219.04,5412.643,1806.397,1142.608,504.509
235656,2019-12-31,229.945,202.153,7382.922,5458.181,1924.741,1235.597,536.247
235656,2020-12-31,233.596,127.608,7552.804,5554.229,1998.575,1204.334,623.653
235656,2021-12-31,242.194,291.385,8039.006,5897.656,2141.35,1312.637,280.456
235656,2022-12-31,270.483,383.912,8450.613,6488.402,1962.211,1527.464,476.779
235656,2023-12-31,308.635,328.653,7898.282,5845.344,2052.938,1559.063,1105.047
329320,2014-12-31,0.617,-1.328,36.444,22.069,14.374,27.316,16.137
329320,2015-12-31,0.238,0.707,55.429,38.382,17.047,27.962,19.333
329320,2016-12-31,0.242,2.022,72.628,54.112,18.517,28.428,16.811
329320,2017-12-31,0.475,2.118,94.283,74.832,19.451,31.556,17.986
329320,2018-12-31,1.028,-4.104,155.315,96.147,59.169,36.06,20.207
329320,2019-12-31,0.63,-5.222,190.603,126.107,64.496,54.366,32.95
329320,2020-12-31,0.328,-10.583,250.625,159.77,90.854,61.896,39.539
329320,2021-12-31,0.951,-0.825,284.046,198.948,85.097,87.431,58.29
329320,2022-12-31,0.559,1.667,338.617,271.392,67.225,117.05,81.654
268159,2009-12-31,233.7,132.2,13185.8,9605.2,,5128.3,4182.3
268159,2010-12-31,270.2,-378.1,13816.9,10334.8,3482.1,4973.5,4628.0
268159,2011-12-31,215.6,342.9,13770.1,9898.8,3871.3,4253.0,2967.5
268159,2012-12-31,73.3,249.1,12697.9,9866.3,2831.6,3722.0,2424.3
268159,2013-12-31,62.4,423.9,11787.8,8997.8,2790.0,3523.3,2154.3
268159,2014-12-31,45.5,456.8,11225.6,8415.1,2810.5,2986.7,1727.4
268159,2015-12-31,50.7,507.5,9956.6,7326.6,2630.0,2920.9,1666.9
268159,2016-12-31,58.2,353.0,10121.7,7600.2,2521.5,3000.6,1803.8
268159,2017-12-31,62.9,539.0,9948.2,6886.6,3061.6,3135.0,1754.2
268159,2018-12-31,62.5,582.6,9386.1,6466.5,2919.6,3089.5,1911.8
268159,2019-12-31,66.2,509.7,9434.2,6444.1,2990.1,2984.9,1847.6
268159,2020-12-31,51.2,451.4,9622.3,6576.1,3046.2,2960.5,1713.6
268159,2021-12-31,49.7,446.0,9308.6,6411.9,2896.7,2957.4,1718.7
268159,2022-12-31,56.0,-45.1,8354.6,6074.1,2280.5,2966.5,2234.6
268159,2023-12-31,7.4,277.4,8417.2,6012.5,2404.7,3131.5,3358.1
296398,2007-12-31,,3.852,7.765,5.062,,,
296398,2008-12-31,,4.176,9.939,6.191,,,
296398,2009-12-31,,5.507,10.818,7.992,,,
296398,2010-12-31,,7.741,27.24,13.163,14.077,,
296398,2011-12-31,,9.845,39.571,20.614,18.957,,
296398,2012-12-31,,9.471,60.52,33.708,26.812,,
296398,2013-12-31,,11.16,75.704,43.346,32.358,,
296398,2014-12-31,,16.78,110.613,69.646,40.967,,
296398,2015-12-31,,26.129,119.288,70.966,48.322,,
296398,2016-12-31,,25.102,122.044,66.494,55.55,,
296398,2017-12-31,,18.014,180.933,133.945,46.988,,
296398,2018-12-31,,16.167,184.282,140.978,43.304,,
296398,2019-12-31,,9.076,185.001,139.402,45.599,,
296398,2020-12-31,,8.789,194.244,138.55,55.694,,
296398,2021-12-31,,-20.43,161.558,126.231,35.327,,
296398,2022-12-31,,-107.084,32.131,112.207,-80.076,,
296091,1997-12-31,518.0,1000.0,81580.0,74821.0,,9787.0,11186.0
296091,1998-12-31,613.0,-61.0,91329.0,84707.0,,10493.0,11657.0
296091,1999-12-31,137.1,1255.7,21358.7,14934.3,,6632.5,6097.6
296091,2000-12-31,65.7,-476.1,22696.4,16606.3,,7685.7,7016.9
296091,2001-12-31,847.6,-1284.1,23191.2,18199.6,,8481.5,7529.5
296091,2002-12-31,1263.1,-286.4,23419.2,18680.9,,8947.0,7459.9
296091,2003-12-31,1112.8,3080.1,27904.9,20516.2,,10388.7,8651.8
296091,2004-12-31,6.8,1567.1,32599.1,23489.9,,12109.6,8959.0
296091,2005-12-31,258.1,3405.6,41288.8,28801.7,,13133.4,9798.5
296091,2006-12-31,313.2,3159.3,46334.7,30893.8,,13193.2,10035.9
296091,2007-12-31,419.5,3020.3,58120.3,37817.8,,14875.9,11715.8
296091,2008-12-31,726.6,307.2,65551.4,45731.4,,15539.9,12022.7
296091,2009-12-31,210.3,3166.6,74868.9,52900.7,,15660.4,12192.5
296091,2010-12-31,-271.1,3254.0,84106.8,60969.0,23137.8,17399.1,13714.7
296091,2011-12-31,473.6,3647.4,88491.9,65263.3,23228.6,18080.8,13687.3
296091,2012-12-31,555.4,5633.6,94207.1,68589.4,25617.7,18478.0,13012.6
296091,2013-12-31,428.5,4574.1,108946.3,82658.5,26287.8,19640.9,14639.3
296091,2014-12-31,509.0,5399.6,113982.0,92325.2,21656.8,21649.2,15596.8
296091,2015-12-31,445.1,5049.7,129264.4,105933.8,23330.6,22703.5,15873.2
296091,2016-12-31,675.6,6140.0,135926.6,113600.6,22326.0,23921.3,16799.4
296091,2017-12-31,963.6,5829.1,149072.4,125369.3,23703.1,25231.0,18063.5
296091,2018-12-31,409.4,4265.0,156762.9,132917.8,23845.1,26103.3,18624.6
296091,2019-12-31,434.6,7753.8,112405.9,86213.7,26192.2,25530.4,17594.9
296091,2020-12-31,520.4,6341.7,118312.0,93027.5,25284.5,28074.3,18808.0
296091,2021-12-31,1741.1,8799.4,129822.1,104616.9,25205.2,30162.9,20041.8
296091,2022-12-31,90.5,5823.9,135152.8,109279.4,25873.4,32692.8,22222.2
296091,2023-12-31,1542.4,5551.4,148282.0,124047.0,24235.0,35872.2,26144.7
212641,1996-12-31,2446.0,7766.0,249233.0,205901.0,,67718.0,58727.0
212641,1997-12-31,2229.0,8780.0,272533.0,225554.0,,74052.0,66057.0
212641,1998-12-31,2726.0,9362.0,295600.0,246762.0,,78076.0,71054.0
212641,1999-12-31,2658.651,8274.369,373891.477,335276.134,,83925.421,77802.06
212641,2000-12-31,3251.526,7191.257,403065.77,361076.283,,132134.235,116142.815
212641,2001-12-31,67.831,67.279,3377.625,2999.101,,905.58,736.173
212641,2002-12-31,69.153,40.613,3592.114,3203.292,,1101.56,896.274
212641,2003-12-31,84.208,102.378,3830.774,3395.589,,1070.057,912.725
212641,2004-12-31,73.364,146.557,5257.402,4742.16,,1494.476,1192.311
212641,2005-12-31,54.929,229.521,6156.491,5170.9,,1633.769,1249.323
212641,2006-12-31,53.77,304.351,6781.923,5438.705,,1695.836,1302.669
212641,2007-12-31,20.939,302.571,7163.401,5629.492,,1799.924,1348.617
212641,2008-12-31,232.347,25.539,9893.255,8400.564,,2549.02,2146.976
212641,2009-12-31,206.259,64.07,10003.473,8698.059,,2487.746,2016.541
212641,2010-12-31,164.287,267.589,9252.182,7824.693,1427.489,2002.267,1357.175
212641,2011-12-31,163.761,312.097,9430.985,7903.357,1527.628,2372.948,1639.09
212641,2012-12-31,171.443,298.268,9729.181,8052.73,1676.451,2366.241,1643.18
212641,2013-12-31,177.741,321.924,10101.423,8120.585,1980.838,2425.134,1729.179
212641,2014-12-31,177.485,381.835,11261.445,8823.839,2437.606,2597.418,1836.219
212641,2015-12-31,196.726,415.408,13295.985,10710.138,2585.847,2967.58,2077.047
212641,2016-12-31,219.871,432.764,13907.479,11072.78,2834.699,3335.66,2317.784
212641,2017-12-31,282.368,475.463,14201.418,11122.814,3078.604,3329.322,2242.769
212641,2018-12-31,279.694,522.774,14479.377,11275.241,3204.136,3413.98,2253.347
212641,2019-12-31,289.312,556.199,16677.949,12826.766,3851.183,3673.798,2487.438
212641,2020-12-31,293.352,364.574,17367.736,13430.117,3937.619,3422.491,2381.8
212641,2021-12-31,300.253,607.343,18272.865,13800.025,4472.84,3611.989,2391.833
212641,2022-12-31,282.335,718.834,17970.782,13788.162,4182.62,4037.955,2452.364
212641,2023-12-31,491.952,838.401,17619.123,12002.834,5616.289,4111.639,1990.481
204825,1996-12-31,75.729,222.382,17059.122,16166.525,,5025.407,4040.176
204825,1997-12-31,66.103,173.083,20523.074,19520.03,,6527.755,5019.709
204825,1998-12-31,124.923,202.474,22212.008,21278.908,,6728.747,5454.725
204825,1999-12-31,0.0,329.934,19354.816,17824.286,,4179.948,3468.733
204825,2000-12-31,0.0,304.276,23497.602,21630.089,,5210.184,4505.357
204825,2001-12-31,0.0,53.142,32647.594,30667.755,,6496.059,6093.422
204825,2002-12-31,0.0,413.374,33578.971,31439.083,,7688.235,6562.678
204825,2003-12-31,42.553,748.37,32974.744,30078.258,,8256.4,7025.532
204825,2004-12-31,46.879,510.258,35371.951,32280.263,,7575.37,6049.427
204825,2005-12-31,3.863,47.982,39789.207,36631.72,,7738.829,6367.575
204825,2006-12-31,9.641,742.152,41386.356,37859.778,,7092.09,5165.833
204825,2007-12-31,12.158,862.397,37068.407,33118.563,,7292.93,5429.005
204825,2008-12-31,11.493,70.626,38001.743,34636.331,,7061.625,5123.469
204825,2009-12-31,9.392,1063.302,42264.219,37978.931,,9307.176,7110.761
204825,2010-12-31,20.702,1088.534,46725.293,41568.955,5156.338,10047.016,7660.766
204825,2011-12-31,11.929,742.248,49866.952,44224.879,5642.073,10751.511,8651.355
204825,2012-12-31,11.87,1301.952,54811.713,48036.08,6775.633,12279.242,9382.629
204825,2013-12-31,-14.601,1102.392,53915.544,47354.524,6561.02,12226.664,9274.237
204825,2014-12-31,-26.269,1370.67,60457.584,52176.021,8281.563,12423.081,9492.797
204825,2015-12-31,12.152,1670.92,63214.938,54437.468,8777.47,14593.042,11176.564
204825,2016-12-31,41.443,1617.655,63528.602,53788.055,9740.547,14417.615,10891.837
204825,2017-12-31,155.267,1292.619,61196.846,51910.288,9286.558,15631.67,12192.508
204825,2018-12-31,119.33,1518.388,64508.637,54966.609,9542.028,17289.133,12619.941
204825,2019-12-31,360.474,1766.097,71356.404,60001.925,11354.479,19729.726,14659.849
204825,2020-12-31,460.727,1123.871,71439.769,59600.353,11839.416,21355.915,16679.171
204825,2021-12-31,376.873,1651.79,82902.252,70146.021,12756.231,24143.652,18319.08
204825,2022-12-31,566.225,1996.369,86952.369,78204.656,8747.713,29672.714,22342.983
204825,2023-12-31,92.3,1854.0,66487.3,55467.8,11019.5,24456.5,22798.2
287483,2007-12-31,,0.089,7.131,0.067,,0.0,0.0
287483,2008-12-31,0.024,-0.085,13.111,6.095,,2.627,1.924
287483,2009-12-31,0.361,0.985,21.493,13.753,,6.965,3.651
287483,2010-12-31,0.004,0.128,28.404,20.532,7.872,6.791,4.193
287483,2011-12-31,0.022,-0.604,28.67,21.185,7.485,6.491,4.513
287483,2012-12-31,0.0,0.854,39.691,30.596,9.095,6.968,3.502
287483,2013-12-31,0.0,0.853,44.285,34.459,9.826,9.701,4.063
287483,2014-12-31,0.029,1.134,54.494,44.009,10.485,13.373,5.915
287483,2015-12-31,0.392,0.654,74.597,58.174,16.423,15.86,7.515
287483,2016-12-31,2.134,0.779,109.431,86.912,22.519,22.908,12.805
287483,2017-12-31,0.232,-1.305,117.92,96.91,21.01,29.426,18.032
287483,2018-12-31,0.082,0.327,173.242,152.197,21.045,30.952,18.972
287483,2019-12-31,0.849,4.287,179.938,151.79,28.148,42.688,27.624
287483,2020-12-31,1.819,0.336,229.432,178.883,50.549,48.769,34.08
287483,2021-12-31,0.641,-0.645,405.601,297.855,107.746,69.406,44.742
287483,2022-12-31,0.728,-5.169,592.549,475.371,117.178,150.393,95.839
316604,2011-06-30,4.4,2.5,5843.0,5778.2,64.8,422.4,346.4
316604,2012-06-30,4.5,24.7,8267.8,8188.2,79.6,451.0,549.3
316604,2013-06-30,5.6,78.3,9762.2,9612.1,150.1,715.7,610.5
316604,2014-06-30,6.9,92.8,11349.0,10496.2,852.8,978.3,1062.8
316604,2015-06-30,5.1,-29.6,11248.6,10434.6,814.0,1927.0,2349.9
316604,2016-06-30,6.1,252.5,23000.2,21323.8,1676.4,1117.4,1861.3
316604,2016-12-31,17.1,198.8,23894.5,22283.9,1610.6,2307.0,3114.3
316604,2017-12-31,5.8,181.3,24164.9,22424.4,1740.5,2343.8,2300.9
316604,2018-12-31,8.2,-85.5,23945.8,22282.0,1663.8,2712.2,2438.5
316604,2019-12-31,12.7,368.6,25893.8,23572.8,2321.0,2360.6,3006.7
316604,2020-12-31,11.7,236.7,28173.4,25683.0,2490.4,2855.8,3985.1
316604,2021-12-31,15.6,-21.4,28347.9,25907.9,2440.0,2652.8,2180.9
316604,2022-12-31,11.1,-317.4,27113.6,24935.8,2177.8,3119.8,-1727.6
316604,2023-12-31,7.0,172.0,31838.0,30635.0,1203.0,1555.0,1418.0
274774,2006-12-31,5.0,159.5,1662.7,525.1,,243.5,39.1
274774,2007-12-31,6.2,391.9,2234.7,1019.1,,611.2,146.3
274774,2008-12-31,-0.2,97.6,2489.0,1216.3,,607.3,375.5
274774,2009-12-31,0.0,388.5,2637.1,1258.2,,594.7,98.7
274774,2010-12-31,-1.0,339.2,2627.4,1340.5,1286.9,614.2,165.7
274774,2011-12-31,-0.3,218.6,2507.6,1180.8,1326.8,574.5,182.3
274774,2012-12-31,7.7,236.8,2639.0,1251.6,1387.4,582.6,174.1
274774,2013-12-31,13.3,218.1,3267.8,1807.4,1460.4,568.1,188.1
274774,2014-12-31,25.2,226.5,3117.8,1760.5,1357.3,715.6,226.5
274774,2015-12-31,24.0,171.7,2775.6,1554.8,1220.8,567.1,155.7
274774,2016-12-31,25.6,150.4,2755.9,1548.1,1207.8,488.1,142.5
274774,2017-12-31,7.8,-72.9,2896.0,1788.7,1107.3,427.9,335.4
274774,2018-12-31,5.3,33.6,2859.7,1792.2,1067.5,413.5,165.4
274774,2019-12-31,17.3,119.5,3052.7,1858.5,1194.2,421.7,129.8
274774,2020-12-31,26.0,5.9,3550.3,2011.4,1538.9,475.8,283.8
274774,2021-12-31,14.3,-56.8,4069.5,2656.7,1412.8,696.5,470.5
274774,2022-12-31,0.0,-2.8,4746.6,3478.7,1267.9,988.4,576.4
274774,2023-12-31,15.0,332.7,3901.7,2393.8,1507.9,1519.9,1137.8
347698,2017-12-31,31.628,151.974,1221.901,914.752,307.149,761.303,501.687
347698,2018-12-31,35.034,155.993,1296.207,1007.959,288.248,816.289,528.754
347698,2019-12-31,41.919,142.865,1332.81,1007.685,325.125,854.762,581.87
347698,2020-12-31,26.401,179.624,1436.533,969.174,467.359,878.177,540.064
347698,2021-12-31,34.687,145.18,1368.478,990.203,378.275,882.728,597.82
347698,2022-12-31,26.889,78.758,1195.415,904.915,290.5,900.647,681.5
347698,2023-12-31,6.141,-6.547,1125.322,812.287,313.035,980.841,1019.066
333754,2016-12-31,29442.0,2180.0,198300.0,190409.0,7891.0,,
333754,2017-12-31,20510.0,1756.0,211984.0,203629.0,8355.0,,
333754,2018-12-31,1941.0,591.0,211503.0,202704.0,8799.0,-76.0,-5070.0
333754,2019-12-31,1339.0,1745.0,226243.0,221112.0,5131.0,11189.0,26493.0
333754,2020-12-31,1146.0,1605.0,228726.0,223141.0,5585.0,4869.0,10764.0
333754,2021-12-31,1179.0,707.0,219134.0,213789.0,5345.0,3765.0,13083.0
333754,2022-12-31,1668.0,-2497.0,191560.0,188730.0,2830.0,6028.0,-8435.0
333754,2023-12-31,383.0,749.0,189622.0,185538.0,4084.0,3887.0,2893.0
358790,2015-12-31,0.0,180.8,12705.2,11327.1,1378.1,1144.1,1485.2
358790,2016-12-31,0.0,209.6,13186.2,11700.9,1485.3,1115.7,1432.5
358790,2020-12-31,25.7,153.8,14605.4,13024.5,1580.9,1050.8,1361.6
358790,2021-12-31,40.8,247.1,16470.6,14732.5,1738.1,1367.0,2769.1
358790,2022-12-31,27.5,201.7,14833.4,13514.9,1318.5,1390.4,202.9
358790,2023-12-31,32.1,210.4,16342.6,14743.6,1599.0,336.8,299.0
260840,1996-12-31,472.0,2498.0,,,,24322.0,26890.0
260840,1997-12-31,617.0,2921.0,,,,31612.0,35483.0
260840,1998-12-31,1282.0,5351.0,,,,45062.0,50399.0
260840,1999-12-31,1780.0,3632.0,,,,22412.0,27543.0
260840,2000-12-31,1183.0,10643.0,,,,27484.0,28292.0
260840,2001-12-31,749.0,3915.0,268008.0,251583.0,,47785.0,40050.0
260840,2002-12-31,459.0,4663.0,241810.0,229820.0,,44103.0,33416.0
260840,2003-12-31,649.0,3516.0,240584.0,227386.0,,43257.0,53464.0
260840,2004-12-31,615.0,4623.0,256771.0,241115.0,,41169.0,42606.0
260840,2005-12-31,1687.0,4008.0,328810.0,306956.0,,43247.0,40887.0
260840,2006-12-31,2042.0,4957.0,333771.0,310084.0,,44427.0,41919.0
260840,2007-12-31,2052.0,6615.0,322083.0,303282.0,,44465.0,43553.0
260840,2008-12-31,5442.0,-1726.0,312220.0,299807.0,,41786.0,44938.0
260840,2009-12-31,-1657.0,-465.0,290409.0,274442.0,,28557.0,26921.0
260840,2010-12-31,3448.0,-1316.0,325764.0,304842.0,20922.0,25867.0,26440.0
260840,2011-12-31,4381.0,78.0,335387.0,311850.0,23537.0,25294.0,28167.0
260840,2012-12-31,209.0,-209.0,339863.0,312347.0,27516.0,18617.0,19392.0
260840,2013-12-31,-1799.0,-52.0,145758.0,131463.0,14295.0,9388.0,6177.0
260840,2014-12-31,756.0,762.0,165481.0,144064.0,21417.0,9195.0,8807.0
260840,2015-12-31,969.0,1761.0,162152.0,140688.0,21464.0,9051.0,8664.0
260840,2016-12-31,1318.0,1463.0,168505.0,144801.0,23704.0,9259.0,9281.0
260840,2017-12-31,1151.0,2524.0,227062.0,202263.0,24799.0,11767.0,11018.0
260840,2018-12-31,1937.0,1657.0,224246.0,199398.0,24848.0,12861.0,12649.0
260840,2019-12-31,1873.0,2429.0,248597.0,215805.0,32792.0,14057.0,13220.0
260840,2020-12-31,2224.0,2349.0,263738.0,224966.0,38772.0,12602.0,11862.0
260840,2021-12-31,713.0,3832.0,251585.0,216667.0,34918.0,12820.0,11881.0
260840,2022-12-31,-549.0,562.0,217110.0,199278.0,17832.0,12096.0,10657.0
260840,2023-12-31,436.0,1532.0,208941.0,187822.0,21119.0,8166.0,5144.0
208752,1996-12-31,102.377,144.065,22412.158,21640.751,,3639.725,4373.255
208752,1997-12-31,156.314,299.486,25244.691,24255.726,,3638.711,4897.885
208752,1998-12-31,176.933,215.48,27184.674,26102.417,,3975.159,4820.271
208752,1999-12-31,155.879,192.809,30832.219,29678.502,,4196.071,4895.175
208752,2000-12-31,349.289,144.214,31364.96,30167.227,,4502.37,4438.499
208752,2001-12-31,84.925,54.093,15823.341,15201.979,,2276.644,1542.827
208752,2002-12-31,100.987,-8.724,15201.538,14604.958,,2370.068,1135.724
208752,2003-12-31,89.971,79.157,16192.363,15577.489,,2435.058,2547.761
208752,2004-12-31,74.073,56.151,16787.663,16165.494,,2568.521,2330.35
208752,2005-12-31,9.099,66.175,19848.011,19152.135,,3295.881,3811.442
208752,2006-12-31,125.509,88.789,20972.144,20332.171,,3037.688,3255.382
208752,2007-12-31,157.08,138.854,21567.52,20928.03,,3211.487,3421.005
208752,2008-12-31,782.94,24.49,19527.563,18921.787,,3316.181,758.063
208752,2009-12-31,804.266,59.672,21307.026,20646.38,,3403.921,3876.454
208752,2010-12-31,696.597,67.84,22978.039,22311.405,666.634,3504.0,4005.629
208752,2011-12-31,450.828,88.111,22869.289,22167.895,701.394,3500.92,2573.491
208752,2012-12-31,500.392,121.423,25169.314,24326.949,842.365,3639.494,4342.808
208752,2013-12-31,500.284,111.237,26932.549,26108.873,823.675,3601.249,4503.952
208752,2014-12-31,503.607,134.817,29184.278,28298.215,886.063,3542.958,4394.175
208752,2015-12-31,171.706,116.02,30229.9,29313.916,915.985,3509.842,4067.65
208752,2016-12-31,156.15,85.385,29082.961,28353.37,729.591,2905.831,3191.948
208752,2017-12-31,156.467,145.767,30926.448,30125.405,801.043,2977.438,3823.13
208752,2018-12-31,116.449,94.332,30672.799,29842.068,830.731,2862.033,1858.179
208752,2019-12-31,160.94,78.197,32877.105,32014.707,862.397,3011.54,4564.245
208752,2020-12-31,157.773,90.1,33619.654,32712.964,906.69,3049.573,3215.656
208752,2021-12-31,213.737,69.303,35866.1,34933.341,932.759,2987.44,4706.028
208752,2022-12-31,217.51,54.031,33648.938,32684.581,964.357,2985.561,1345.646
349833,2021-09-30,,-4.054,0.459,2.178,-1.719,,
349833,2023-03-31,,-6.223,1.782,8.421,-6.639,,
250017,2000-12-31,-0.05,3.621,16.56,5.329,,10.523,2.373
250017,2001-12-31,-0.065,4.646,17.586,5.267,,11.08,2.374
250017,2002-12-31,-0.065,5.614,19.595,5.637,,12.214,2.607
250017,2003-12-31,-0.085,6.305,21.558,7.019,,12.925,2.624
250017,2004-12-31,-0.085,6.179,23.609,7.37,,13.564,3.089
250017,2005-12-31,-0.126,7.66,37.351,16.79,,15.447,2.82
250017,2006-12-31,-0.08,8.31,36.757,13.995,,15.953,2.908
250017,2007-12-31,7.779,8.571,35.414,8.705,,16.038,3.08
250017,2008-12-31,7.709,5.227,31.047,7.888,,16.461,3.448
250017,2009-12-31,6.509,5.521,27.296,5.558,,17.611,3.844
250017,2010-12-31,6.109,9.381,29.54,6.016,23.524,18.462,3.854
250017,2011-12-31,5.595,10.015,33.37,7.713,25.657,19.108,3.899
250017,2012-12-31,3.356,8.32,33.584,6.892,26.692,20.924,4.211
250017,2013-12-31,3.01,3.73,32.683,7.52,25.163,22.572,5.82
250017,2014-12-31,4.713,9.197,52.259,25.211,27.048,24.054,6.551
250017,2015-12-31,1.144,10.449,56.884,25.021,31.863,29.37,7.451
250017,2016-12-31,1.333,10.521,53.142,20.817,32.325,31.223,7.318
250017,2017-12-31,0.24,9.51,49.568,15.812,33.756,30.67,6.78
250017,2018-12-31,2.343,10.21,52.335,17.04,35.295,31.219,7.175
250017,2019-12-31,3.634,10.487,56.438,18.423,38.015,30.205,6.67
250017,2020-12-31,1.109,8.557,58.922,18.148,40.774,28.826,7.031
250017,2021-12-31,0.638,4.342,57.604,16.323,41.281,24.67,6.049
250017,2022-12-31,1.649,-6.76,46.609,15.631,30.978,25.257,6.99
250017,2023-12-31,2.074,5.334,49.187,17.192,31.995,28.708,14.728
288153,2008-12-31,,31.0,593.0,20.0,,0.0,0.0
288153,2009-12-31,204.0,91.0,76936.0,74796.0,,514.0,1263.0
288153,2010-12-31,167.0,11.0,83564.0,81264.0,2300.0,1449.0,6256.0
288153,2011-12-31,294.0,-4.0,89501.0,87135.0,2366.0,1388.0,5619.0
288153,2012-12-31,157.0,323.0,86094.0,83712.0,2382.0,-3564.0,-13.0
288153,2013-12-31,180.0,190.0,74073.0,71386.0,2687.0,1344.0,2898.0
288153,2014-12-31,94.0,465.0,68803.0,65525.0,3278.0,-811.0,4141.0
288153,2015-12-31,95.0,152.0,64514.0,61510.0,3004.0,-474.0,-209.0
288153,2016-12-31,88.0,-70.0,85999.0,82666.0,3333.0,924.0,6711.0
288153,2017-12-31,173.0,-7.0,83443.0,80288.0,3155.0,925.0,5204.0
288153,2018-12-31,582.0,259.0,229980.0,224031.0,5949.0,2164.0,-8382.0
288153,2019-12-31,700.0,351.0,242677.0,237084.0,5593.0,3482.0,26160.0
288153,2020-12-31,794.0,1270.0,334325.0,326453.0,7872.0,3910.0,18116.0
288153,2021-12-31,1001.0,-430.0,333799.0,327030.0,6769.0,5376.0,21866.0
288153,2022-12-31,1443.0,-2840.0,285169.0,279982.0,5187.0,5367.0,-31240.0
288153,2023-12-31,967.0,20.0,299308.0,295769.0,3539.0,4861.0,17555.0
269546,2001-12-31,49.645,1487.595,26108.653,22569.216,,10765.013,9344.606
269546,2002-12-31,58.156,1791.21,30975.413,26010.886,,11294.496,9902.579
269546,2003-12-31,70.144,2064.664,34869.797,28828.694,,11774.699,9599.672
269546,2004-12-31,62.538,2705.742,38964.417,30598.913,,12237.406,9834.253
269546,2005-12-31,119.22,3991.847,43041.678,32148.74,,13210.149,9791.868
269546,2006-12-31,51.863,4617.237,49445.091,36114.068,,15098.464,10582.095
269546,2007-12-31,124.746,4469.869,52653.897,35788.767,,15034.813,9731.413
269546,2008-12-31,108.291,2948.613,58208.424,39140.379,,21238.025,15600.931
269546,2009-12-31,473.755,4565.811,53176.209,41909.33,,14485.214,9711.338
269546,2010-12-31,344.571,3029.431,50533.832,37733.906,12799.926,14213.013,10476.0
269546,2011-12-31,555.661,2907.575,52129.282,39259.777,12869.505,14890.528,10188.61
269546,2012-12-31,622.35,4038.708,55909.56,41640.291,14269.269,16005.24,12395.511
269546,2013-12-31,904.096,4120.692,62362.421,49234.634,13127.787,16248.769,11238.939
269546,2014-12-31,569.019,3691.693,67572.761,54405.133,13167.628,16429.37,11555.739
269546,2015-12-31,855.148,2943.733,105429.009,90250.102,15178.907,17384.871,11857.102
269546,2016-12-31,1605.0,3031.0,125345.0,108218.0,17127.0,18625.0,12732.0
269546,2017-12-31,3265.0,5526.0,317405.0,279804.0,37601.0,21354.0,14941.0
269546,2018-12-31,3013.0,7086.0,328554.0,291147.0,37407.0,22350.0,14563.0
269546,2019-12-31,5285.0,7080.0,343340.0,304052.0,39288.0,23090.0,15695.0
269546,2020-12-31,1665.0,4058.0,378974.0,335571.0,43403.0,23024.0,15580.0
269546,2021-12-31,4279.0,7454.0,402129.0,362135.0,39994.0,23232.0,15731.0
269546,2022-12-31,3887.0,7605.0,436119.0,396367.0,39752.0,24297.0,15542.0
222004,2003-12-31,,-3.287,64.874,4.01,,,
222004,2004-12-31,0.0,-15.067,133.239,83.271,,16.003,22.944
222004,2005-12-31,0.0,5.812,470.337,385.229,,80.869,85.339
222004,2006-12-31,3.778,17.852,807.896,569.015,,255.909,208.766
222004,2007-12-31,6.927,21.312,1708.72,1207.935,,375.778,347.599
222004,2008-12-31,7.539,-45.395,1620.886,1264.996,,592.37,531.891
222004,2009-12-31,5.124,197.154,1972.853,1410.189,,842.646,756.401
222004,2010-12-31,3.681,141.818,2385.99,1798.524,587.466,792.342,700.584
222004,2011-12-31,5.812,33.014,2799.804,2415.284,384.52,903.478,720.211
222004,2012-12-31,7.816,246.941,3765.562,3182.411,583.151,1107.433,1086.625
222004,2013-12-31,5.571,375.477,4744.083,3966.907,777.176,1373.555,1188.366
222004,2014-12-31,6.075,475.727,5952.728,4961.295,991.433,1775.274,1465.826
222004,2015-12-31,4.39,536.14,7735.865,6161.473,1574.392,2175.953,1861.018
222004,2016-12-31,15.799,541.095,9847.383,7579.183,2268.2,2669.03,2540.363
222004,2017-12-31,5.112,562.184,12272.127,9680.864,2591.263,2925.859,2647.503
222004,2018-12-31,25.543,-23.906,12832.053,10798.98,2033.073,2817.836,2658.327
222004,2019-12-31,12.219,-71.936,14742.205,12722.87,2019.335,4147.513,3949.099
222004,2020-12-31,20.412,1044.818,16750.251,13719.778,3030.473,4613.513,3901.37
222004,2021-12-31,21.536,1416.338,19246.276,15664.146,3582.13,4920.737,3810.063
222004,2022-12-31,32.743,1012.003,19949.375,16504.643,3444.732,5714.595,4534.008
222004,2023-12-31,0.1,1933.4,20874.5,16345.9,4528.6,8801.8,6710.8
354505,2018-12-31,0.006,-0.59,0.493,0.494,-0.001,,
354505,2019-12-31,0.056,-0.411,0.457,0.862,-0.405,,
354505,2020-12-31,0.121,-0.469,0.439,1.098,-0.659,,
354505,2021-12-31,0.241,-1.542,0.522,0.516,0.006,,
354505,2022-12-31,0.414,-0.911,0.414,0.803,-0.39,,
348767,2021-12-31,4.44,-11.942,354.46,135.982,218.478,,
348767,2022-12-31,1.847,5.213,415.882,199.25,216.632,56.704,14.01
245276,1999-12-31,17.509,6.405,1608.724,1529.896,,383.67,339.356
245276,2000-12-31,9.45,-2.19,861.04,822.804,,199.977,167.075
245276,2001-12-31,10.581,-2.64,900.583,864.51,,203.606,170.646
245276,2002-12-31,14.462,-1.012,950.985,916.607,,232.897,180.999
245276,2003-12-31,23.38,9.477,1036.016,970.747,,250.75,183.123
245276,2004-12-31,4.022,10.929,1142.329,1072.694,,311.01,202.461
245276,2005-12-31,3.074,12.053,1218.306,1144.395,,327.681,266.415
245276,2006-12-31,0.894,21.383,1289.399,1207.575,,350.901,214.04
245276,2007-12-31,-8.158,14.673,1324.711,1236.726,,391.058,218.791
245276,2008-12-31,3.948,14.228,1374.88,1280.905,,418.747,199.799
245276,2009-12-31,-5.342,14.39,1470.381,1369.201,,288.811,185.304
245276,2010-12-31,-5.338,15.963,1521.671,1405.323,116.348,275.251,174.179
245276,2011-12-31,2.034,20.137,1573.874,1448.851,125.023,282.495,175.039
245276,2012-12-31,5.019,33.131,1580.155,1437.267,142.889,363.379,200.891
245276,2013-12-31,7.694,22.939,1602.791,1451.116,151.675,334.181,224.892
245276,2014-12-31,14.235,15.048,1648.214,1490.999,157.215,364.689,251.398
245276,2015-12-31,16.031,19.897,1621.399,1452.417,168.982,335.502,208.366
245276,2016-12-31,16.19,22.815,1625.916,1446.615,179.301,389.441,227.08
245276,2017-12-31,27.126,19.845,1659.952,1471.042,188.909,402.548,238.674
245276,2018-12-31,33.838,18.752,1708.465,1510.98,197.485,410.964,213.319
245276,2019-12-31,36.318,18.863,1742.952,1535.675,207.277,427.63,213.572
245276,2020-12-31,20.688,17.766,1810.852,1595.175,215.677,471.997,235.923
245276,2021-12-31,19.491,9.831,1865.649,1649.321,216.328,520.378,272.523
245276,2022-12-31,16.05,14.954,1920.316,1696.919,223.397,560.602,285.098
326143,2014-12-31,4.765,48.034,457.74,248.354,209.386,132.041,52.208
326143,2015-12-31,4.678,40.71,495.312,279.213,216.099,151.625,81.854
326143,2016-12-31,5.375,63.432,511.248,298.432,212.816,182.107,92.721
326143,2017-12-31,5.73,55.512,605.953,373.96,231.993,186.866,92.912
326143,2018-12-31,5.904,61.363,611.353,346.205,265.148,188.235,97.861
326143,2019-12-31,5.333,56.479,598.22,330.803,267.417,183.238,101.99
326143,2020-12-31,6.778,49.122,594.836,328.436,266.4,165.707,88.11
326143,2021-12-31,6.022,37.199,591.631,338.904,252.727,145.442,81.015
326143,2022-12-31,5.084,12.75,576.166,353.67,222.496,153.218,112.799
326143,2023-12-31,1.232,23.613,630.138,387.726,242.412,188.246,122.414
317629,2012-01-31,64.8,148.2,4633.8,3696.9,936.9,1090.8,757.1
317629,2013-01-31,64.3,149.6,5028.4,3983.3,1045.1,1193.4,803.3
317629,2014-01-31,226.5,149.2,3927.3,2807.5,1119.8,436.8,223.3
317629,2015-01-31,145.4,113.8,2802.0,1817.9,984.1,403.8,172.6
317629,2016-01-31,98.2,176.2,2752.1,1663.9,1088.2,510.1,190.6
317629,2017-01-31,100.9,193.3,2698.8,1503.6,1195.2,410.0,63.7
317629,2018-01-31,105.8,178.7,2643.8,1420.3,1223.5,381.4,42.1
317629,2019-01-31,109.4,-134.6,2302.4,1338.1,964.3,350.0,23.5
317629,2020-01-31,314.0,-300.9,2094.8,1506.6,588.2,88.2,30.8
317629,2021-01-31,176.7,-61.2,2212.7,1532.0,680.7,78.9,18.2
317629,2022-01-31,177.7,-23.5,2302.4,1649.5,652.9,79.2,31.3
317629,2023-01-31,252.5,-254.2,1977.7,1608.2,369.5,78.2,58.1
351447,2018-12-31,,18.873,1294.211,1230.291,63.92,828.678,226.211
351447,2019-12-31,0.57,63.435,1391.271,1278.221,113.05,898.481,222.941
351447,2020-12-31,3.655,60.604,1481.709,1275.978,205.731,912.654,232.196
351447,2021-12-31,6.75,151.365,1615.885,1288.472,327.413,981.291,231.021
351447,2022-12-31,9.296,139.2,1788.055,1376.579,411.476,1099.709,240.558
351447,2023-12-31,7.867,219.776,1802.368,1342.697,459.671,1094.098,263.143
205699,1996-12-31,76.408,1545.721,88100.56,84073.743,,13480.654,15834.373
205699,1997-12-31,123.1,223.4,102282.8,95342.0,,16364.2,19193.2
205699,1998-12-31,99.3,349.8,117504.2,110307.3,,16399.6,18639.5
205699,1999-12-31,144.7,638.3,154669.2,145057.6,,17426.7,20058.8
205699,2000-12-31,862.0,1308.0,166057.0,158209.0,,14179.0,16298.0
205699,2001-12-31,1468.0,213.0,163279.0,158084.0,,15172.0,16855.0
205699,2002-12-31,104.0,-1847.0,159566.0,154891.0,,15265.0,17275.0
205699,2003-12-31,632.0,477.0,162478.0,157299.0,,14822.0,15726.0
205699,2004-12-31,451.0,1009.0,165613.0,158705.0,,15262.0,15741.0
205699,2005-12-31,602.0,853.0,177597.0,169644.0,,13279.0,14040.0
205699,2006-12-31,1871.0,1082.0,186950.0,179099.0,,13805.0,13840.0
205699,2007-12-31,264.0,848.0,179757.0,172423.0,,13705.0,13268.0
205699,2008-12-31,857.0,-1172.0,134791.0,128139.0,,13514.0,12915.0
205699,2009-12-31,984.0,427.0,143948.0,136703.0,,12135.0,11884.0
205699,2010-12-31,1012.0,596.0,147203.0,139766.0,7437.0,12051.0,12704.0
205699,2011-12-31,716.0,585.0,151875.0,142713.0,9162.0,11894.0,12614.0
205699,2012-12-31,1079.0,230.0,163400.0,153114.0,10286.0,12180.0,13819.0
205699,2013-12-31,1162.0,1002.0,170530.0,161511.0,9019.0,13248.0,13920.0
205699,2014-12-31,1352.0,1012.0,192854.0,180023.0,12831.0,14084.0,15218.0
205699,2015-12-31,1365.0,1168.0,189252.0,176994.0,12258.0,14047.0,15516.0
205699,2016-12-31,876.0,1215.0,199731.0,185992.0,13739.0,13508.0,14064.0
205699,2017-12-31,978.0,1321.0,212800.0,197217.0,15583.0,13104.0,13189.0
205699,2018-12-31,1252.0,1398.0,212982.0,197949.0,15033.0,13497.0,13961.0
205699,2019-12-31,1634.0,1529.0,228094.0,211660.0,16434.0,17402.0,17838.0
205699,2020-12-31,2572.0,1351.0,237538.0,220275.0,17263.0,15674.0,15629.0
205699,2021-12-31,2153.0,1663.0,240424.0,223902.0,16522.0,14832.0,14343.0
205699,2022-12-31,2309.0,1934.0,218349.0,208065.0,10284.0,14330.0,13294.0
205699,2023-12-31,6600.0,1366.0,213445.0,205146.0,8299.0,8863.0,7588.0
269809,2001-12-31,21.514,354.88,40316.418,37931.667,,8295.236,7535.852
269809,2002-12-31,10.423,390.188,41877.258,39301.579,,9499.67,7952.356
269809,2003-12-31,19.342,770.233,43283.552,39625.752,,10416.436,8532.654
269809,2004-12-31,10.675,893.855,54818.469,50121.508,,10951.896,8724.345
269809,2005-12-31,105.07,442.393,61724.76,56747.251,,11857.108,9543.334
269809,2006-12-31,475.576,1165.375,92925.995,87418.031,,15018.959,11743.67
269809,2007-12-31,588.0,1328.0,95378.0,89217.0,,14895.0,12130.0
269809,2008-12-31,602.0,462.0,96045.0,90327.0,,14915.0,11826.0
269809,2009-12-31,508.0,1405.0,103004.0,95812.0,,17323.0,14014.0
269809,2010-12-31,474.0,898.0,111368.0,103377.0,7991.0,18753.0,16098.0
269809,2011-12-31,128.0,1084.0,115268.0,106562.0,8706.0,19456.0,16747.0
269809,2012-12-31,49.0,1575.0,130254.0,118611.0,11643.0,21999.0,18342.0
269809,2013-12-31,544.8,1578.0,132863.0,121652.0,11211.0,23113.0,19215.0
269809,2014-12-31,551.0,1709.0,147298.0,134398.0,12900.0,23844.0,20024.0
269809,2015-12-31,600.8,2021.0,152760.0,139329.0,13431.0,25937.0,21446.0
269809,2016-12-31,620.0,2153.0,156571.0,141883.0,14688.0,25742.0,21197.0
269809,2017-12-31,806.0,1658.0,158386.0,144140.0,14246.0,27418.0,23268.0
269809,2018-12-31,756.0,1862.0,162879.0,148618.0,14261.0,29574.0,23517.0
269809,2019-12-31,881.0,2239.0,177594.0,160984.0,16610.0,33054.0,26366.0
269809,2020-12-31,1003.0,1472.0,181037.0,163913.0,17124.0,34185.0,27919.0
269809,2021-12-31,1123.0,2277.0,197524.0,179579.0,17945.0,37863.0,30711.0
269809,2022-12-31,1220.0,3191.0,193133.0,180541.0,12592.0,44722.0,34291.0
269809,2023-12-31,3.0,2834.0,169347.0,152553.0,16794.0,43237.0,36375.0
325855,2013-12-31,,1.426,4.304,3.132,1.173,,
325855,2014-12-31,,1.563,5.159,3.792,1.367,,
325855,2015-12-31,,3.774,9.249,5.835,3.414,,
325855,2016-12-31,,3.601,6.842,3.348,3.495,,
325855,2017-12-31,,3.975,11.958,8.724,3.234,,
325855,2018-12-31,,4.678,9.871,5.278,4.593,,
325855,2019-12-31,,5.374,11.937,5.904,6.033,,
325855,2020-12-31,,6.085,14.82,7.26,7.56,,
325855,2021-12-31,,8.154,24.149,14.005,10.144,,
325855,2022-12-31,,13.219,32.067,18.019,14.048,,
325855,2023-12-31,,8.781,29.797,18.043,11.754,,
274282,2002-12-31,-153.0,-2334.0,29833.0,25555.0,,13371.0,11484.0
274282,2003-12-31,-154.0,789.0,31359.0,25995.0,,14622.0,11445.0
274282,2004-12-31,-164.0,1947.0,33553.0,27436.0,,14676.0,10389.0
274282,2005-12-31,-410.0,2913.0,40811.0,32596.0,,14900.0,10418.0
274282,2006-12-31,-25.0,3709.0,42783.0,32832.0,,15293.0,10534.0
274282,2007-12-31,1.0,3109.0,43830.0,33820.0,,15890.0,12297.0
274282,2008-12-31,122.0,1347.0,38445.0,30201.0,,16635.0,13247.0
274282,2009-12-31,123.0,2602.0,44740.0,35074.0,,17426.0,13862.0
274282,2010-12-31,157.0,941.0,50591.0,42133.0,8458.0,18550.0,15849.0
274282,2011-12-31,137.0,1569.0,53221.0,44214.0,9007.0,19641.0,15802.0
274282,2012-12-31,112.0,3017.0,54313.0,43334.0,10979.0,19370.0,14273.0
274282,2013-12-31,-8.0,2993.0,53371.0,42264.0,11107.0,18660.0,13806.0
274282,2014-12-31,-145.0,3302.0,52224.0,41105.0,11119.0,17824.0,12265.0
274282,2015-12-31,123.0,2327.0,51281.0,41450.0,9831.0,17047.0,12024.0
274282,2016-12-31,67.0,3220.0,49861.0,40424.0,9437.0,16796.0,11809.0
274282,2017-12-31,66.0,3239.0,51367.0,38751.0,12616.0,16974.0,11815.0
274282,2018-12-31,124.0,2262.0,56545.0,45211.0,11334.0,17675.0,12389.0
274282,2019-12-31,-84.0,3628.0,59059.0,46974.0,12085.0,21198.0,15108.0
274282,2020-12-31,995.0,3541.0,60916.0,48652.0,12264.0,21998.0,15449.0
274282,2021-12-31,48.0,4093.0,100580.0,51572.0,49008.0,23768.0,16895.0
274282,2022-12-31,1856.0,3051.0,114113.0,71609.0,42504.0,33139.0,22560.0
274282,2023-12-31,774.0,5029.0,112940.0,72589.0,40351.0,39126.0,27767.0
211471,1997-12-31,-13.196,26.919,5741.74,5315.542,,1435.903,1382.621
211471,1998-12-31,-0.916,30.455,6628.561,6163.562,,1510.217,1471.489
211471,1999-12-31,0.0,30.264,7171.198,6604.141,,1126.056,1127.611
211471,2000-12-31,0.0,34.621,7507.485,6946.778,,1167.262,1180.187
211471,2001-12-31,0.0,26.965,7616.665,7255.048,,1239.052,1246.318
211471,2002-12-31,0.0,-94.0,7666.0,7387.0,,1342.0,1302.0
211471,2003-12-31,0.0,39.0,8341.0,8027.0,,1740.0,1739.0
211471,2004-12-31,0.0,30.0,8823.0,8494.0,,1642.0,1632.0
211471,2005-12-31,0.0,57.317,6936.261,6545.845,,1934.307,1943.433
211471,2006-12-31,4.327,59.322,8035.187,7591.982,,1825.725,1767.746
211471,2007-12-31,0.507,113.07,8964.375,8433.829,,1779.403,1684.561
211471,2008-12-31,330.08,173.119,8752.952,8114.265,,1755.763,1060.861
211471,2009-12-31,0.531,160.946,10203.006,9442.456,,1780.418,1515.798
211471,2010-12-31,0.757,164.983,11218.942,10321.52,897.422,2973.034,2731.219
211471,2011-12-31,0.704,146.085,11121.91,10113.738,1008.172,1848.868,1562.11
211471,2012-12-31,0.95,152.328,11626.607,10490.94,1135.667,1479.282,1588.686
211471,2013-12-31,1.295,152.845,11482.291,10188.514,1293.777,1384.283,1198.084
211471,2014-12-31,1.316,182.93,7423.626,5959.511,1464.115,1187.504,1139.831
211471,2015-12-31,1.048,151.519,7615.508,6076.391,1539.117,1063.826,875.287
211471,2016-12-31,1.682,149.543,7774.941,6132.059,1642.882,1037.141,842.276
211471,2017-12-31,6.104,139.064,7940.447,6205.905,1734.542,1042.184,842.83
211471,2018-12-31,13.461,141.878,8088.637,6306.941,1781.696,1081.942,832.783
211471,2019-12-31,20.347,148.512,8266.206,6255.246,2010.96,1082.146,876.835
211471,2020-12-31,19.549,140.12,8365.843,6247.726,2118.117,1122.911,870.112
211471,2021-12-31,31.181,151.042,8876.109,6428.557,2447.552,1170.803,904.576
211471,2022-12-31,9.7,147.581,8681.576,6405.655,2275.921,1264.305,867.098
200731,1996-12-31,3919.222,1024.918,75807.717,69382.577,,16495.784,14061.134
200731,1997-12-31,4196.84,750.276,80093.187,73329.591,,15807.089,13886.31
200731,1998-12-31,715.58,784.136,86494.599,79415.109,,16498.096,14476.699
200731,1999-12-31,5350.154,595.257,130857.603,124576.255,,27786.212,26794.036
200731,2000-12-31,4731.863,455.349,138637.148,132457.362,,30685.032,26985.508
200731,2001-12-31,97.115,21.084,10652.731,10196.864,,2403.56,2222.207
200731,2002-12-31,3.842,23.356,11177.647,10767.1,,2580.412,2075.321
200731,2003-12-31,22.482,50.528,12579.517,12246.106,,3006.702,2480.698
200731,2004-12-31,,125.992,14156.132,13711.03,,0.0,0.0
200731,2005-12-31,11.567,240.336,19441.446,17382.114,,4240.872,3618.412
200731,2006-12-31,66.413,320.967,22483.454,20200.246,,5038.678,4213.32
200731,2007-12-31,58.83,437.296,26745.073,24129.51,,5941.693,5031.507
200731,2008-12-31,69.257,540.797,33665.12,29526.33,,6961.605,5607.357
200731,2009-12-31,124.143,441.246,36272.265,31643.692,,7242.279,5877.158
200731,2010-12-31,68.71,507.789,39472.916,34443.269,5029.647,7860.366,6541.348
200731,2011-12-31,77.006,559.008,39769.651,34720.008,5049.643,8122.817,6535.965
200731,2012-12-31,99.761,587.407,42336.385,36584.518,5751.867,8996.81,7590.355
200731,2013-12-31,108.785,355.137,41976.891,36956.796,5020.095,8479.051,7210.552
200731,2014-12-31,91.251,518.366,44425.087,39141.66,5283.427,8353.742,6919.933
200731,2015-12-31,98.596,172.098,45147.981,40090.178,5057.803,8180.535,6748.874
200731,2016-12-31,83.703,406.734,50008.108,44296.851,5711.257,8191.256,6753.449
200731,2017-12-31,128.429,442.549,51713.955,45670.006,6043.949,8509.562,6872.588
200731,2018-12-31,105.676,485.429,51163.496,45327.8,5835.696,8729.362,6947.007
200731,2019-12-31,145.367,521.569,50344.924,45154.231,5190.693,9317.929,7262.744
200731,2020-12-31,48.562,345.862,50428.068,45142.302,5285.766,9336.585,7030.569
200731,2021-12-31,119.269,511.333,52178.157,46580.209,5597.948,9705.633,7136.561
200731,2022-12-31,204.146,562.422,49274.012,44839.828,4434.184,10910.888,7912.036
231496,1997-12-31,453.154,978.854,59451.796,56513.555,,538.42,866.394
231496,1998-12-31,539.868,268.054,63679.244,60630.801,,534.731,893.517
231496,1999-12-31,343.595,531.477,99540.01,95689.799,,5167.653,5960.112
231496,2000-12-31,215.421,198.683,52220.317,50271.373,,2867.002,3244.499
231496,2001-12-31,197.265,-20.907,53141.041,51317.167,,3110.898,3302.279
231496,2002-12-31,514.33,2.546,53932.584,52226.228,,2935.814,2882.174
231496,2003-12-31,88.704,168.966,54501.555,52800.317,,2895.302,2806.115
231496,2004-12-31,11.998,148.085,54730.792,52994.573,,2826.001,2673.793
231496,2005-12-31,149.207,250.712,70959.156,68400.524,,2942.398,2800.15
231496,2006-12-31,139.34,25.707,70114.289,67681.034,,3965.945,3912.949
231496,2007-12-31,87.652,237.523,68131.376,65637.815,,3835.644,3821.53
231496,2008-12-31,103.403,98.148,64462.388,62113.967,,3684.371,2791.921
231496,2009-12-31,314.835,291.956,69538.664,66891.34,,3767.495,3727.865
231496,2010-12-31,901.25,226.501,75987.959,73143.693,2844.266,3781.958,3943.842
231496,2011-12-31,2338.547,192.191,75359.329,72390.325,2969.004,3750.513,3462.158
231496,2012-12-31,4408.225,291.942,77192.912,73779.538,3413.374,3909.507,4117.261
231496,2013-12-31,857.397,184.582,75042.514,71789.496,3253.018,3840.367,4264.099
231496,2014-12-31,657.437,283.004,78536.059,74861.839,3674.22,3939.366,4426.904
231496,2015-12-31,538.049,323.624,74086.581,70442.839,3643.742,3982.864,4284.179
231496,2016-12-31,476.948,291.573,72275.638,68464.048,3811.59,3932.832,4080.138
231496,2017-12-31,348.715,292.449,72018.169,68053.311,3964.858,3809.307,4030.41
231496,2018-12-31,384.652,320.49,72039.241,67802.91,4236.331,4000.064,3553.735
231496,2019-12-31,989.406,353.009,75743.509,70908.427,4835.082,4249.169,4650.478
231496,2020-12-31,1311.877,306.873,76487.642,71402.491,5085.151,4415.144,4455.443
231496,2021-12-31,631.296,480.659,75212.926,70339.352,4873.574,4638.412,5149.702
231496,2022-12-31,-408.319,353.534,65502.5,61792.948,3709.552,4376.453,2691.962
220426,1997-12-31,-3232.0,3209.0,193033.0,170825.0,,24208.0,19767.0
220426,1998-12-31,3657.0,1597.0,214651.0,191140.0,,25398.0,21553.0
220426,1999-12-31,2746.0,5160.0,221178.0,197395.0,,24836.0,21452.0
220426,2000-12-31,2591.0,3169.0,231363.0,208075.0,,24760.0,20194.0
220426,2001-12-31,4285.0,-215.0,231605.0,210885.0,,27250.0,24482.0
220426,2002-12-31,3567.0,-3577.0,285856.0,267844.0,,31367.0,28327.0
220426,2003-12-31,3685.0,3746.0,317876.0,297523.0,,39770.0,34345.0
220426,2004-12-31,3738.0,3786.0,346083.0,323056.0,,41804.0,35509.0
220426,2005-12-31,3584.0,5466.0,339612.0,316372.0,,40457.0,33475.0
220426,2006-12-31,3512.0,6733.0,373855.0,346799.0,,40509.0,31121.0
220426,2007-12-31,4035.0,7496.0,389344.0,360166.0,,33780.0,24335.0
220426,2008-12-31,4125.0,2664.0,327944.0,304163.0,,44107.0,35584.0
220426,2009-12-31,4497.0,4531.0,368914.0,337436.0,,47227.0,36794.0
220426,2010-12-31,4237.0,4868.0,375661.0,342340.0,33321.0,45509.0,35013.0
220426,2011-12-31,4268.0,4755.0,385869.0,351853.0,34016.0,42899.0,33533.0
220426,2012-12-31,4531.0,5462.0,409267.0,372406.0,36861.0,46755.0,34227.0
220426,2013-12-31,4578.0,5959.0,415053.0,380319.0,34734.0,47277.0,32708.0
220426,2014-12-31,3553.0,5845.0,406529.0,369699.0,36830.0,47843.0,33899.0
220426,2015-12-31,4119.0,3341.0,381972.0,349069.0,32903.0,42198.0,30819.0
220426,2016-12-31,3614.0,5322.0,382679.0,350206.0,32473.0,42166.0,30464.0
220426,2017-12-31,3372.0,5125.0,422065.0,387172.0,34893.0,41071.0,29234.0
220426,2018-12-31,4410.0,5111.0,395342.0,363540.0,31802.0,40866.0,27990.0
220426,2019-12-31,4044.0,6100.0,404688.0,368139.0,36549.0,40231.0,27818.0
220426,2020-12-31,3972.0,5395.0,439299.0,399453.0,39846.0,39835.0,27966.0
220426,2021-12-31,5361.0,7320.0,435826.0,396656.0,39170.0,42929.0,28889.0
220426,2022-12-31,6594.0,5962.0,377782.0,349869.0,27913.0,44435.0,28683.0
220426,2023-12-31,6065.0,6458.0,361382.0,335103.0,26279.0,56001.0,47291.0
