gvkey,datadate,risq,piq,atq,ltq,teqq,iptiq,bctq
270979,2001-12-31,,,405.512,383.244,,,
270979,2002-12-31,,,377.392,308.439,,,
270979,2003-12-31,,,449.032,340.866,,,
270979,2004-03-31,16.5435,27.327,,,,25.0245,16.6785
270979,2004-06-30,16.5435,27.327,,,,25.0245,16.6785
270979,2004-09-30,23.846,25.126,572.615,427.981,,28.726,20.4575
270979,2004-12-31,23.846,25.126,568.709,452.03,,28.726,20.4575
270979,2004-12-31,,,,,,,
270979,2005-03-31,22.3845,27.7935,646.094,485.881,,31.9165,23.647
270979,2005-06-30,22.3845,27.7935,646.094,485.881,,31.9165,23.647
270979,2005-09-30,24.318,31.9535,663.583,482.171,,37.8105,26.616
270979,2005-12-31,24.318,31.9535,663.583,482.171,,37.8105,26.616
270979,2006-03-31,30.735,34.353,698.145,506.105,,37.4315,27.8
270979,2006-06-30,30.735,34.353,698.145,506.105,,37.4315,27.8
270979,2006-09-30,35.0755,39.318,753.005,533.95,,35.046,25.7725
270979,2006-12-31,35.0755,39.318,753.005,533.95,,35.046,25.7725
270979,2007-03-31,42.912,43.1265,819.103,599.516,,35.8235,27.0955
270979,2007-06-30,42.912,43.1265,819.103,599.516,,35.8235,27.0955
270979,2007-09-30,47.4655,47.9225,870.322,632.69,,35.2945,22.802
270979,2007-12-31,47.4655,47.9225,870.322,632.69,,35.2945,22.802
270979,2008-03-31,50.1,50.15,954.241,698.617,,38.5,26.2
270979,2008-06-30,50.123,50.1595,954.241,698.617,,38.497,26.2295
270979,2008-06-30,50.1,50.15,,,,38.5,26.2
270979,2008-09-30,70.95,51.1,1014.0,738.5,,46.4,31.1
270979,2008-09-30,,,,,,,
270979,2008-12-31,49.509,51.0995,1014.003,738.434,,46.421,31.0585
270979,2008-12-31,70.95,51.1,,,,46.4,31.1
270979,2009-03-31,56.5,52.65,1106.0,824.4,,50.25,35.1
270979,2009-06-30,56.5,52.65,1106.0,824.4,,50.25,35.1
270979,2009-09-30,59.8,55.25,1177.4,876.6,,55.7,40.75
270979,2009-12-31,59.8,55.25,1177.4,876.6,,55.7,40.75
270979,2010-03-31,65.3,63.45,1414.0,1091.6,322.4,62.65,44.45
270979,2010-06-30,65.3,63.45,1414.0,1091.6,322.4,62.65,44.45
270979,2010-09-30,72.8,69.3,1766.7,1416.0,350.7,81.4,59.8
270979,2010-12-31,72.8,69.3,1766.7,1416.0,350.7,81.4,59.8
270979,2011-03-31,86.6,80.3,2265.9,1874.2,391.7,100.75,81.05
270979,2011-06-30,86.6,80.3,2265.9,1874.2,391.7,100.75,81.05
270979,2011-09-30,87.9,69.25,2614.9,2220.5,394.4,122.15,100.85
270979,2011-12-31,87.9,69.25,2614.9,2220.5,394.4,122.15,100.85
270979,2012-03-31,93.6,85.9,2975.3,2535.0,440.3,123.25,100.1
270979,2012-06-30,93.6,85.9,2975.3,2535.0,440.3,123.25,100.1
270979,2012-09-30,86.95,86.4,3204.2,2743.5,460.7,126.2,102.15
270979,2012-12-31,86.95,86.4,3204.2,2743.5,460.7,126.2,102.15
270979,2013-03-31,83.15,90.7,3332.3,2838.7,493.6,120.7,74.4
270979,2013-06-30,83.15,90.7,3332.3,2838.7,493.6,120.7,74.4
270979,2013-09-30,80.75,94.4,3473.8,2949.7,524.1,120.8,77.1
270979,2013-12-31,80.75,94.4,3473.8,2949.7,524.1,120.8,77.1
270979,2014-03-31,85.2,91.65,3516.2,2969.1,547.1,115.85,62.25
270979,2014-06-30,85.2,91.65,3516.2,2969.1,547.1,115.85,62.25
270979,2014-09-30,81.05,83.7,3877.5,3296.6,580.9,116.6,67.3
270979,2014-12-31,81.05,83.7,3877.5,3296.6,580.9,116.6,67.3
270979,2015-03-31,82.5,90.85,3859.7,3260.1,599.6,114.45,50.7
270979,2015-06-30,82.5,90.85,3859.7,3260.1,599.6,114.45,50.7
270979,2015-09-30,77.4,93.5,4202.4,3569.5,632.9,119.05,62.55
270979,2015-12-31,77.4,93.5,4202.4,3569.5,632.9,119.05,62.55
270979,2016-03-31,88.1,94.75,4477.8,3815.2,662.6,129.85,74.2
270979,2016-06-30,88.1,94.75,4477.8,3815.2,662.6,129.85,74.2
270979,2016-09-30,92.2,44.45,4860.8,4279.1,581.7,144.55,123.1
270979,2016-12-31,92.2,44.45,4860.8,4279.1,581.7,144.55,123.1
270979,2017-03-31,98.0,96.7,5565.7,4935.9,629.8,150.65,82.45
270979,2017-06-30,98.0,96.7,5565.7,4935.9,629.8,150.65,82.45
270979,2017-09-30,102.55,105.05,5859.1,5203.3,655.8,158.9,91.1
270979,2017-12-31,102.55,105.05,5859.1,5203.3,655.8,158.9,91.1
254578,2003-06-30,,,353.173,207.162,,,
254578,2003-12-31,,,445.658,292.273,,,
254578,2004-06-30,,,621.965,454.67,,,
254578,2004-06-30,,,,,,,
254578,2004-12-31,,,992.4,714.4,,,
254578,2004-12-31,,,,,,,
254578,2005-06-30,,,1277.9,978.8,,,
254578,2005-12-31,,,1543.4,1263.0,,,
254578,2006-06-30,,,1715.0,1427.2,,,
254578,2006-12-31,,,1884.2,1564.7,,,
254578,2007-03-31,2.4,30.1,2129.0,1778.4,,145.2,74.25
254578,2007-06-30,2.4,30.1,2129.0,1778.4,,145.2,74.25
254578,2007-09-30,2.55,39.15,2180.7,1782.1,,163.4,79.45
254578,2007-09-30,,,,,,,
254578,2007-12-31,6.95,39.15,2180.7,1782.1,,163.4,79.45
254578,2007-12-31,2.55,39.15,,,,163.4,79.45
254578,2008-03-31,2.05,22.5,2412.9,2036.4,,156.1,84.4
254578,2008-06-30,2.05,22.5,2412.9,2036.4,,156.1,84.4
254578,2008-09-30,3.0,21.1,2997.5,2584.8,,185.45,116.15
254578,2008-12-31,3.0,21.1,2997.5,2584.8,,185.45,116.15
254578,2009-03-31,4.8,15.05,4775.7915,3970.9958,,269.05,157.1
254578,2009-06-30,3.2,10.05,3326.1,2765.6,,179.35,104.75
254578,2009-09-30,5.0,64.0,5644.0,4648.1,,387.75,214.2
254578,2009-12-31,5.0,64.0,5644.0,4648.1,,387.75,214.2
254578,2010-03-31,7.45,57.75,5845.2,4849.2,996.0,339.1,188.6
254578,2010-06-30,7.45,57.75,5845.2,4849.2,996.0,339.1,188.6
254578,2010-09-30,6.15,67.65,5774.3,4691.4,1082.9,363.5,180.5
254578,2010-12-31,5.2,67.65,5774.3,4691.4,1082.9,363.5,180.5
254578,2011-03-31,6.55,-12.1,6324.3,5312.5,1011.8,335.25,238.65
254578,2011-06-30,6.8,-12.1,6324.3,5312.5,1011.8,335.25,238.65
254578,2011-09-30,6.75,43.45,6118.7,5047.7,1071.0,357.25,186.6
254578,2011-12-31,6.75,43.45,6118.7,5047.7,1071.0,357.25,186.6
254578,2012-03-31,6.65,56.45,6354.5,5225.3,1129.2,351.65,188.6
254578,2012-06-30,6.65,56.45,6354.5,5225.3,1129.2,351.65,188.6
254578,2012-09-30,6.7,69.15,6448.9,5244.4,1204.5,387.6,200.6
254578,2012-12-31,7.1,69.15,6455.4,5243.7,1211.7,387.6,200.6
254578,2013-03-31,7.15,41.15,6541.7,5384.1,1157.6,379.4,198.05
254578,2013-06-30,7.15,41.15,6541.7,5384.1,1157.6,379.4,198.05
254578,2013-09-30,10.9,115.5,6584.6,5245.9,1338.7,415.85,161.5
254578,2013-12-31,10.9,115.5,6584.6,5245.9,1338.7,415.85,161.5
254578,2014-03-31,5.25,66.45,6649.3,5387.3,1262.0,402.25,205.6
254578,2014-06-30,5.25,66.45,6649.3,5387.3,1262.0,402.25,205.6
254578,2014-09-30,7.5,64.5,6442.7,5100.0,1342.7,427.2,203.35
254578,2014-12-31,7.5,64.5,6442.7,5100.0,1342.7,427.2,203.35
254578,2015-03-31,7.0,77.25,6525.3,5178.3,1347.0,428.85,208.85
254578,2015-06-30,7.0,77.25,6525.3,5178.3,1347.0,428.85,208.85
254578,2015-09-30,8.2,64.75,6745.4,5304.0,1441.4,420.5,198.1
254578,2015-12-31,8.2,64.75,6745.4,5304.0,1441.4,420.5,198.1
254578,2016-03-31,8.0,75.1,6821.1,5441.9,1379.2,430.7,218.1
254578,2016-06-30,8.0,75.1,6821.1,5441.9,1379.2,430.7,218.1
254578,2016-09-30,8.25,71.5,7008.5,5524.8,1483.7,453.4,209.7
254578,2016-12-31,8.25,71.5,7008.5,5524.8,1483.7,453.4,209.7
254578,2017-03-31,8.15,79.35,7175.7,5669.6,1506.1,443.35,219.45
254578,2017-06-30,8.15,79.35,7175.7,5669.6,1506.1,443.35,219.45
254578,2017-09-30,9.45,4.65,7558.7,6059.8,1498.9,491.35,318.4
254578,2017-12-31,9.45,4.65,7558.7,6059.8,1498.9,491.35,318.4
270248,2001-12-31,,,974.1,888.1,,,
270248,2002-12-31,,,940.0,850.4,,,
270248,2003-03-31,1.4045,-4.4785,,,,37.6485,53.412
270248,2003-06-30,1.4045,-4.4785,,,,37.6485,53.412
270248,2003-09-30,2.0905,-3.201,987.58,908.841,,33.514,53.021
270248,2003-12-31,2.0905,-3.201,987.58,908.841,,33.514,53.021
270248,2003-12-31,,,,,,,
270248,2004-03-31,15.2825,-3.846,971.45,900.436,,24.426,43.031
270248,2004-03-31,11.706,-3.846,,,,24.426,43.031
270248,2004-06-30,-0.2205,-3.4595,971.45,900.436,,35.935,40.8265
270248,2004-06-30,11.706,-3.846,,,,24.426,43.031
270248,2004-09-30,14.4805,6.0445,1022.377,942.935,,21.964,46.7545
270248,2004-09-30,11.825,6.0445,,,,21.964,46.7545
270248,2004-12-31,0.466,4.7275,1023.368,949.416,,49.5835,61.9715
270248,2004-12-31,14.4805,6.0445,,,,21.964,46.7545
270248,2005-03-31,12.885,2.0915,1911.064,1812.975,,21.031,56.704
270248,2005-03-31,11.158,2.0915,,,,21.031,56.704
270248,2005-06-30,12.885,2.0915,1911.064,1812.975,,21.031,56.704
270248,2005-06-30,11.158,2.0915,,,,21.031,56.704
270248,2005-09-30,16.338,8.1365,2076.296,1968.029,,23.46,99.3005
270248,2005-09-30,14.16,8.1365,,,,23.46,99.3005
270248,2005-12-31,16.338,8.1365,2076.296,1968.029,,23.46,99.3005
270248,2005-12-31,14.16,8.1365,,,,23.46,99.3005
270248,2006-03-31,13.602,5.295,2057.491,1949.533,,23.0255,43.2715
270248,2006-06-30,13.602,5.295,2057.491,1949.533,,23.0255,43.2715
270248,2006-09-30,13.1775,7.2285,2130.209,2015.954,,22.2775,78.419
270248,2006-12-31,13.1775,7.2285,2130.209,2015.954,,22.2775,78.419
270248,2007-03-31,12.4415,6.1975,2240.92,2124.964,,21.608,63.253
270248,2007-06-30,12.4415,6.1975,2240.92,2124.964,,21.608,63.253
270248,2007-09-30,11.5475,7.6625,2040.897,1915.113,,20.811,21.6265
270248,2007-12-31,11.5475,7.6625,2040.897,1915.113,,20.811,21.6265
270248,2008-03-31,11.9215,4.9885,1861.406,1737.864,,19.702,-35.3265
270248,2008-06-30,11.9215,4.9885,1861.406,1737.864,,19.702,-35.3265
270248,2008-09-30,10.5565,6.375,1679.564,1553.196,,18.8385,-36.41
270248,2008-12-31,10.5565,6.375,1679.564,1553.196,,18.8385,-36.41
270248,2009-03-31,11.185,5.6055,1643.886,1519.429,,18.2335,23.393
270248,2009-06-30,11.185,5.6055,1643.886,1519.429,,18.2335,23.393
270248,2009-09-30,15.7365,16.765,2920.059,2760.291,,19.3205,178.876
270248,2009-12-31,15.7365,16.765,2920.059,2760.291,,19.3205,178.876
270248,2010-03-31,20.3925,5.989,2947.391,2790.595,156.796,20.0225,18.029
270248,2010-06-30,20.3925,5.989,2947.391,2790.595,156.796,20.0225,18.029
270248,2010-09-30,15.841,11.095,4843.804,4640.535,203.269,19.605,170.233
270248,2010-12-31,15.841,11.095,4843.804,4640.535,203.269,19.605,170.233
270248,2011-03-31,23.448,1.905,4855.899,4659.625,196.274,22.659,28.5785
270248,2011-06-30,23.448,1.905,4855.899,4659.625,196.274,22.659,28.5785
270248,2011-09-30,20.824,9.3055,4491.954,4282.765,209.189,20.844,-87.1985
270248,2011-12-31,20.824,9.3055,4491.954,4282.765,209.189,20.844,-87.1985
270248,2012-03-31,22.462,2.24,4497.702,4294.799,202.903,20.6655,76.9685
270248,2012-06-30,22.462,2.24,4497.702,4294.799,202.903,20.6655,76.9685
270248,2012-09-30,19.275,7.601,4650.621,4432.275,218.346,19.4265,122.631
270248,2012-12-31,19.275,7.601,4650.621,4432.275,218.346,19.4265,122.631
270248,2013-03-31,23.166,10.905,4854.604,4630.298,224.306,18.9845,131.117
270248,2013-06-30,23.166,10.905,4854.604,4630.298,224.306,18.9845,131.117
270248,2013-09-30,22.78,19.39,5236.708,4989.606,247.102,18.25,169.6875
270248,2013-12-31,22.78,19.39,5236.708,4989.606,247.102,18.25,169.6875
270248,2014-03-31,23.974,13.689,5246.117,4994.197,251.92,20.0025,107.761
270248,2014-06-30,23.974,13.689,5246.117,4994.197,251.92,20.0025,107.761
270248,2014-09-30,20.385,0.7125,5338.046,5059.213,278.833,18.3665,134.282
270248,2014-12-31,20.385,0.7125,5338.046,5059.213,278.833,18.3665,134.282
270248,2015-03-31,22.6225,15.199,5449.315,5162.635,286.68,17.149,101.7755
270248,2015-06-30,22.6225,15.199,5449.315,5162.635,286.68,17.149,101.7755
270248,2015-09-30,21.1375,6.195,5367.802,5072.64,295.162,16.82,-4.474
270248,2015-12-31,21.1375,6.195,5367.802,5072.64,295.162,16.82,-4.474
270248,2016-03-31,21.869,0.12,5642.693,5347.281,295.412,16.469,72.447
270248,2016-06-30,21.869,0.12,5642.693,5347.281,295.412,16.469,72.447
270248,2016-09-30,22.7375,20.2225,6095.763,5702.202,393.561,15.806,198.287
270248,2016-12-31,22.7375,20.2225,6095.763,5702.202,393.561,15.806,198.287
270248,2017-03-31,30.946,25.815,8311.759,7883.075,428.684,33.1845,144.549
270248,2017-06-30,30.946,25.815,8311.759,7883.075,428.684,33.1845,144.549
270248,2017-09-30,35.0735,18.986,8443.384,7991.728,451.656,55.4775,183.0355
270248,2017-12-31,35.0735,18.986,8443.384,7991.728,451.656,55.4775,183.0355
235656,2000-06-30,,,1785.789,1274.535,,,
235656,2000-12-31,,,1964.17,1410.582,,,
235656,2001-06-30,,,2105.822,1541.149,,,
235656,2001-12-31,,,2219.103,1636.178,,,
235656,2002-06-30,,,2369.094,1796.233,,,
235656,2002-12-31,,,2450.0,1896.0,,,
235656,2003-06-30,,,2467.0,1861.0,,,
235656,2003-12-31,,,2675.0,2050.0,,,
235656,2004-03-31,20.421,17.6715,2779.346,2160.636,,175.2295,104.054
235656,2004-06-30,20.421,17.6715,2779.346,2160.636,,175.2295,104.054
235656,2004-09-30,21.3995,22.1435,3058.126,2428.28,,173.9745,99.295
235656,2004-12-31,21.3995,22.1435,3058.126,2428.28,,173.9745,99.295
235656,2004-12-31,,,,,,,
235656,2005-12-31,,,3954.642,3056.454,,,
235656,2006-12-31,,,5197.676,4183.687,,,
235656,2007-12-31,,,6571.417,5389.844,,,
235656,2008-12-31,,,7102.172,5930.94,,,
235656,2009-12-31,,,6815.311,5725.976,,,
235656,2010-12-31,,,7636.592,6240.276,1396.316,,
235656,2011-12-31,,,7301.538,5658.782,1642.756,,
235656,2012-12-31,,,6082.282,4306.041,1776.241,,
235656,2013-03-31,78.395,46.615,,,1776.241,287.575,149.905
235656,2013-06-30,71.413,62.313,,,,281.587,155.732
235656,2013-09-30,73.092,40.342,,,,273.575,139.891
235656,2013-12-31,-47.447,46.118,5993.019,4199.692,1793.327,409.216,130.735
235656,2014-03-31,79.201,53.151,6536.179,4694.737,1841.442,287.518,137.177
235656,2014-03-31,79.2,52.339,,,,287.518,137.236
235656,2014-06-30,72.035,46.657,6417.009,4749.993,1667.016,277.264,133.789
235656,2014-06-30,72.036,46.897,,,,277.264,133.757
235656,2014-09-30,73.945,50.257,6562.956,4853.41,1709.546,271.886,122.962
235656,2014-09-30,73.945,50.384,,,,271.886,122.954
235656,2014-12-31,-53.103,36.219,6587.217,4863.053,1724.164,420.815,144.793
235656,2014-12-31,-53.102,36.564,,,,420.815,144.78
235656,2015-03-31,78.914,56.066,7096.742,5277.289,1819.453,306.935,152.746
235656,2015-06-30,70.986,37.563,6961.751,5234.973,1726.778,296.102,156.403
235656,2015-09-30,73.114,46.697,6886.483,5164.646,1721.837,291.072,146.235
235656,2015-12-31,-59.085,35.637,6882.53,5115.503,1767.027,417.376,149.96
235656,2016-03-31,72.414,31.719,6881.856,5084.098,1797.758,288.54,155.738
235656,2016-06-30,70.426,11.809,6975.398,5234.966,1740.432,277.2,194.329
235656,2016-09-30,62.246,-8.131,6866.027,5125.468,1740.559,275.766,186.449
235656,2016-12-31,-59.861,54.781,7061.497,5300.83,1760.667,402.429,169.139
235656,2017-03-31,62.286,15.098,7377.071,5606.507,1770.564,282.162,163.153
235656,2017-06-30,55.955,23.501,7217.341,5467.85,1749.491,283.42,153.628
235656,2017-09-30,54.398,47.629,7254.756,5470.134,1784.622,271.599,116.907
235656,2017-12-31,57.5,52.4,7223.218,5420.437,1802.781,272.5,137.2
268159,2009-12-31,,,13185.8,9605.2,,,
268159,2010-12-31,,,13816.9,10334.8,3482.1,,
268159,2011-03-31,60.55,93.75,,,3482.1,1120.2,850.2
268159,2011-06-30,62.45,93.75,,,,1120.2,850.2
268159,2011-09-30,59.1,107.7,,,,1035.9,735.3
268159,2011-12-31,597.1,47.7,13770.1,9898.8,3871.3,976.7,531.8
268159,2012-03-31,50.7,64.1,,,3871.3,939.3,648.0
268159,2012-06-30,245.5,42.4,13210.3,10046.1,3164.2,930.9,576.1
268159,2012-09-30,15.4,82.4,,,,932.7,590.2
268159,2012-12-31,20.9,60.2,12697.9,9866.3,2831.6,919.1,610.0
268159,2013-03-31,49.5,94.3,,,2831.6,886.1,564.1
268159,2013-06-30,200.5,114.5,12168.2,9375.4,2792.8,887.5,501.1
268159,2013-09-30,15.0,124.2,,,,881.1,547.7
268159,2013-12-31,14.2,90.9,11787.8,8997.8,2790.0,868.6,541.4
268159,2014-03-31,11.45,105.85,11552.4,8757.0,2795.4,752.0,450.25
268159,2014-06-30,11.8,112.55,11552.4,8757.0,2795.4,837.05,515.0
268159,2014-09-30,,0.0,11225.6,8415.1,2810.5,,
268159,2014-12-31,,0.0,11225.6,8415.1,2810.5,,
268159,2015-03-31,12.2,157.5,10241.4,7247.7,2993.7,720.25,371.85
268159,2015-06-30,12.2,157.5,10241.4,7247.7,2993.7,720.25,371.85
268159,2015-09-30,13.15,96.25,9956.6,7326.6,2630.0,740.2,461.6
268159,2015-12-31,13.15,96.25,9956.6,7326.6,2630.0,740.2,461.6
268159,2016-03-31,15.8,149.25,10112.1,7443.3,2668.8,739.95,384.15
268159,2016-06-30,15.8,149.25,10112.1,7443.3,2668.8,739.95,384.15
268159,2016-09-30,15.6,27.25,10121.7,7600.2,2521.5,760.35,517.75
268159,2016-12-31,15.6,27.25,10121.7,7600.2,2521.5,760.35,517.75
268159,2017-03-31,19.3,170.7,9953.4,7298.9,2654.5,773.75,423.7
268159,2017-06-30,19.3,170.7,9953.4,7298.9,2654.5,773.75,423.7
268159,2017-09-30,14.55,98.8,9948.2,6886.6,3061.6,793.75,453.4
268159,2017-12-31,14.55,98.8,9948.2,6886.6,3061.6,793.75,453.4
296398,2007-12-31,,,7.765,5.062,,,
296398,2008-12-31,,,9.939,6.191,,,
296398,2009-03-31,,1.2185,,,,,
296398,2009-06-30,,1.2185,,,,,
296398,2009-09-30,,1.535,10.818,7.992,,,
296398,2009-12-31,,1.535,10.818,7.992,,,
296398,2010-03-31,,1.493,,,2.826,,
296398,2010-06-30,,1.314,13.048,7.89,5.158,,
296398,2010-09-30,,2.86,,,,,
296398,2010-12-31,,2.074,27.24,13.163,14.077,,
296398,2011-03-31,,2.435,31.007,14.847,16.16,,
296398,2011-06-30,,1.529,33.277,18.902,14.375,,
296398,2011-09-30,,2.492,,,,,
296398,2011-09-30,,2.492,33.29,16.66,16.63,,
296398,2011-12-31,,3.389,39.571,20.614,18.957,,
296398,2011-12-31,,3.391,,,,,
296398,2012-03-31,,2.026,41.359,20.454,20.905,,
296398,2012-06-30,,1.945,50.457,27.164,23.293,,
296398,2012-09-30,,2.301,51.395,26.3,25.095,,
296398,2012-12-31,,3.199,60.52,33.708,26.812,,
296398,2013-03-31,,2.153,65.484,36.909,28.575,,
296398,2013-06-30,,1.51,66.2,40.375,25.825,,
296398,2013-09-30,,2.363,66.716,38.793,27.923,,
296398,2013-12-31,,5.135,75.704,43.346,32.358,,
296398,2014-03-31,,2.429,76.783,42.117,34.666,,
296398,2014-06-30,,2.819,80.425,49.091,31.334,,
296398,2014-09-30,,3.672,78.715,44.109,34.606,,
296398,2014-12-31,,7.851,110.613,69.646,40.967,,
296398,2015-03-31,,6.063,101.111,55.067,46.044,,
296398,2015-06-30,,7.068,108.065,70.488,37.577,,
296398,2015-09-30,,5.78,101.333,58.917,42.416,,
296398,2015-12-31,,7.218,119.288,70.966,48.322,,
296398,2016-03-31,,7.085,122.873,68.448,54.425,,
296398,2016-06-30,,5.825,142.842,98.021,44.821,,
296398,2016-09-30,,,,,,,
296398,2016-09-30,,5.48,119.634,69.851,49.783,,
296398,2016-12-31,,6.712,122.044,66.494,55.55,,
296398,2017-03-31,,6.97,126.12,71.757,54.363,,
296398,2017-06-30,,1.002,160.293,113.453,46.84,,
296398,2017-09-30,,5.123,175.953,133.24,42.713,,
296091,1997-12-31,,,81580.0,74821.0,,,
296091,1998-12-31,,,91329.0,84707.0,,,
296091,1999-12-31,,,21358.7,14934.3,,,
296091,2000-12-31,,,22696.4,16606.3,,,
296091,2001-12-31,,,23191.2,18199.6,,,
296091,2002-12-31,,,23419.2,18680.9,,,
296091,2003-12-31,,,27904.9,20516.2,,,
296091,2004-12-31,,,32599.1,23489.9,,,
296091,2005-12-31,,,41288.8,28801.7,,,
296091,2006-12-31,,,46334.7,30893.8,,,
296091,2006-12-31,,,,,,,
296091,2007-12-31,,,58120.3,37817.8,,,
296091,2008-12-31,,,65551.4,45731.4,,,
296091,2009-09-30,186.5,1244.3,,,,4049.7,3135.3
296091,2009-12-31,-203.3,583.9,74868.9,52900.7,,3974.5,3083.7
296091,2010-03-31,218.9,344.4,,,21968.2,3876.6,3590.1
296091,2010-06-30,131.0,529.7,,,,4405.6,3358.7
296091,2010-09-30,181.6,1312.0,83724.2,61663.9,22060.3,4617.2,3324.7
296091,2010-12-31,-584.6,1068.1,84106.8,60969.0,23137.8,4499.7,3441.2
296091,2011-03-31,243.5,815.0,88190.4,64371.5,23818.9,4331.1,3536.3
296091,2011-03-31,383.3,815.0,,,,4331.1,3536.2
296091,2011-06-30,261.7,1244.9,86081.2,63767.2,22314.0,4547.7,3169.3
296091,2011-06-30,,,,,,,
296091,2011-09-30,35.5,773.2,86806.3,64004.1,22802.2,4678.5,3393.3
296091,2011-09-30,,,,,,,
296091,2011-12-31,77.2,814.3,88491.9,65263.3,23228.6,4523.4,3588.5
296091,2012-03-31,167.4,1427.4,92763.7,68471.4,24292.3,4538.7,3315.1
296091,2012-06-30,,,,,,,
296091,2012-06-30,121.3,1217.9,92229.4,69441.7,22787.7,4580.3,3139.8
296091,2012-09-30,186.4,1606.9,94013.1,70032.9,23980.2,4733.7,3264.1
296091,2012-09-30,,,,,,,
296091,2012-12-31,113.7,1381.3,94207.1,68589.4,25617.7,4625.2,3293.5
296091,2013-03-31,-418.2,540.7,99979.4,73942.1,26037.3,4666.1,3592.0
296091,2013-06-30,254.1,1077.0,102396.3,78715.8,23680.5,4866.3,3675.9
296091,2013-09-30,226.9,1673.4,104708.9,79640.7,25068.2,5060.0,3456.0
296091,2013-12-31,365.7,1283.1,108946.3,82658.5,26287.8,5048.7,3915.3
296091,2014-03-31,241.9,1155.9,114580.5,87621.9,26958.6,5187.5,4055.6
296091,2014-06-30,101.4,1747.9,110727.1,88847.4,21879.7,5349.7,3611.0
296091,2014-09-30,80.0,1336.7,111001.0,88333.7,22667.3,5441.7,3899.0
296091,2014-12-31,85.5,1159.1,113982.0,92325.2,21656.8,5670.2,4031.2
296091,2015-03-31,101.7,987.4,120320.5,97960.0,22360.5,5452.2,4226.5
296091,2015-06-30,102.6,1640.1,120457.3,99519.5,20937.8,5491.4,3604.9
296091,2015-09-30,106.7,951.7,125266.7,103222.7,22044.0,5798.5,3874.4
296091,2015-12-31,134.0,1470.5,129264.4,105933.8,23330.6,5961.4,4167.5
296091,2016-03-31,129.0,1608.8,135070.1,110908.0,24162.1,5830.8,4173.2
296091,2016-06-30,149.4,1709.4,132822.4,111645.3,21177.1,5831.2,3849.8
296091,2016-06-30,,,,,,,
296091,2016-09-30,171.9,1515.8,136464.5,113353.3,23111.2,6123.5,4375.5
296091,2016-09-30,,,,,,,
296091,2016-12-31,200.7,1305.9,135926.6,113600.6,22326.0,6135.8,4400.8
296091,2017-03-31,173.5,1364.9,142962.8,119450.8,23512.0,6052.3,4414.1
296091,2017-06-30,181.0,1502.6,144028.4,122511.3,21517.1,6149.6,4244.3
296091,2017-09-30,188.8,1718.4,146466.2,123745.9,22720.3,6577.8,4491.8
296091,2017-12-31,420.5,1243.1,149072.4,125369.3,23703.1,6451.3,4913.3
212641,2000-06-30,,,400496.0,359335.0,,,
212641,2000-12-31,,,403065.77,361076.283,,,
212641,2001-06-30,,,515724.0,455065.0,,,
212641,2002-06-30,,,3575.763,3182.569,,,
212641,2002-12-31,,,3592.114,3203.292,,,
212641,2003-06-30,,,3757.106,3336.796,,,
212641,2003-12-31,,,3830.774,3395.589,,,
212641,2004-03-31,,32.4,5032.6,4576.2,,,
212641,2004-03-31,,35.6,,,,,
212641,2004-06-30,,47.7,5086.3,4602.3,,,
212641,2004-06-30,,47.7,,,,,
212641,2004-09-30,,37.9,5165.7,4657.8,,,
212641,2004-09-30,,64.8,,,,,
212641,2004-12-31,,28.557,5257.402,4742.16,,,
212641,2004-12-31,,10.515,,,,,
212641,2005-03-31,,42.941,5440.1,4901.2,,,
212641,2005-06-30,,80.392,5986.576,5100.126,,,
212641,2005-09-30,,64.167,6107.3,5177.4,,,
212641,2005-12-31,,42.021,6156.491,5170.9,,,
212641,2006-03-31,,60.0,,,,,
212641,2006-06-30,,101.1,6342.0,5300.2,,,
212641,2006-09-30,,86.264,,,,,
212641,2006-12-31,,56.987,6781.923,5438.705,,,
212641,2007-03-31,76.2,79.7,6992.2,5589.4,,569.3,460.4
212641,2007-06-30,-55.215,116.445,7121.03,5657.307,,333.579,216.603
212641,2007-09-30,243.55,98.455,7143.9,5630.6,,595.397,497.497
212641,2007-12-31,-231.761,7.971,7163.401,5629.492,,286.624,174.117
212641,2007-12-31,,,,,,,
212641,2008-03-31,31.4,84.3,9733.0,7898.4,,884.9,718.5
212641,2008-06-30,90.813,121.215,9819.884,8060.399,,392.009,178.49
212641,2008-09-30,49.415,-45.515,,,,1115.991,1071.71
212641,2008-12-31,89.06,-134.461,9889.496,8400.564,,156.12,178.276
212641,2009-03-31,37.9,-37.0,10199.9,8802.2,,834.1,783.6
212641,2009-06-30,120.347,35.242,10056.705,8632.29,,443.132,322.34
212641,2009-09-30,136.814,52.758,9998.5,8450.2,,1037.568,863.86
212641,2009-12-31,-9.641,13.07,10003.473,8698.059,,172.946,46.741
212641,2010-03-31,47.6,74.1,10195.7,8821.3,1374.4,729.7,569.4
212641,2010-06-30,49.354,76.25,9553.838,8222.217,1331.621,284.08,113.903
212641,2010-09-30,-96.954,73.85,9371.7,7938.8,1432.9,1113.82,876.297
212641,2010-12-31,518.323,43.389,9252.182,7824.693,1427.489,-125.333,-202.425
212641,2011-03-31,107.5,98.7,9424.4,7928.3,1496.1,767.5,467.5
212641,2011-06-30,135.369,97.486,9446.505,7971.986,1474.519,410.168,347.45
212641,2011-09-30,157.431,66.314,9424.4,7966.5,1457.9,1106.532,579.75
212641,2011-12-31,-72.939,49.597,9430.985,7903.357,1527.628,88.748,244.39
212641,2012-03-31,87.3,84.2,9797.0,8183.2,1613.8,787.0,517.6
212641,2012-06-30,10.324,82.812,9586.402,8128.532,1457.87,392.834,296.232
212641,2012-09-30,-2.709,75.988,9801.9,8240.2,1561.7,1104.066,636.468
212641,2012-12-31,79.643,55.268,9729.181,8052.73,1676.451,82.341,192.88
212641,2013-03-31,42.6,83.9,10007.4,8251.8,1755.6,787.1,515.9
212641,2013-06-30,59.417,81.185,9992.69,8239.968,1752.722,423.545,341.955
212641,2013-09-30,1.014,81.815,10099.7,8231.1,1868.6,1093.355,609.145
212641,2013-12-31,86.45,75.024,10101.423,8120.585,1980.838,121.134,262.179
212641,2014-03-31,45.7,94.6,10619.0,8480.0,2139.0,821.5,536.1
212641,2014-06-30,55.714,101.129,10746.862,8516.657,2230.205,449.887,361.646
212641,2014-09-30,2.326,106.071,11107.6,8772.5,2335.1,1119.313,591.554
212641,2014-12-31,86.485,80.035,11261.445,8823.839,2437.606,206.718,346.919
212641,2015-03-31,45.9,107.5,11918.1,9207.6,2710.5,812.4,516.9
212641,2015-06-30,67.476,116.127,13147.146,10659.874,2487.272,449.979,346.501
212641,2015-09-30,-13.207,112.673,12987.7,10505.8,2481.9,1313.721,702.399
212641,2015-12-31,100.026,79.108,13295.985,10710.138,2585.847,391.48,511.247
212641,2016-03-31,50.7,115.2,13630.1,11000.2,2629.9,1017.6,654.2
212641,2016-06-30,63.571,122.402,13756.384,11116.377,2640.007,633.959,458.858
212641,2016-09-30,5.211,112.498,13901.9,11160.3,2741.6,1353.041,750.642
212641,2016-12-31,121.371,82.664,13907.479,11072.78,2834.699,331.06,454.084
212641,2017-03-31,51.6,125.2,14229.6,11290.8,2938.8,1021.3,650.3
212641,2017-06-30,104.168,129.518,14308.566,11372.328,2936.238,640.686,481.505
212641,2017-09-30,1.005,120.682,14269.8,11270.1,2999.7,1374.714,747.095
212641,2017-12-31,194.868,100.063,14201.418,11122.814,3078.604,292.622,363.869
204825,1999-06-30,,,,,,,
204825,2000-06-30,,,21168.161,19608.462,,,
204825,2000-12-31,,,23497.602,21630.089,,,
204825,2001-06-30,,,25848.706,23882.018,,,
204825,2001-12-31,,,32647.594,30667.755,,,
204825,2002-06-30,,,32928.935,30962.187,,,
204825,2002-12-31,,,33578.971,31439.083,,,
204825,2003-06-30,,,34264.856,31598.487,,,
204825,2003-12-31,,,32974.744,30078.258,,,
204825,2004-03-31,,137.824,35343.362,32191.161,,1601.178,1216.207
204825,2004-06-30,,206.124,35733.263,32739.648,,1859.851,1401.723
204825,2004-09-30,,13.98,36161.005,33115.035,,1977.28,1581.321
204825,2004-12-31,,152.33,35371.951,32280.263,,,
204825,2005-03-31,,163.284,37092.09,33902.806,,1779.642,1288.741
204825,2005-06-30,,149.378,38508.859,35091.693,,1894.983,1384.824
204825,2005-09-30,,-303.519,41190.871,38038.12,,1922.632,2020.317
204825,2005-12-31,3.863,38.839,39789.207,36631.72,,2141.572,1673.693
204825,2006-03-31,-33.878,167.045,,,,1794.373,1265.411
204825,2006-03-31,-38.065,193.754,41144.297,37938.91,,1998.096,1392.375
204825,2006-06-30,-1.477,214.905,39744.426,36600.409,,2047.234,1466.303
204825,2006-06-30,1.349,198.343,,,,1842.317,1333.536
204825,2006-09-30,-36.095,236.16,40799.147,37342.659,,1907.457,1417.425
204825,2006-09-30,-26.484,180.186,,,,1619.739,1269.836
204825,2006-12-31,,,41386.356,37859.778,,,
204825,2006-12-31,-84.957,196.578,,,,1835.661,1297.05
204825,2007-03-31,-18.182,135.025,42146.466,38498.237,,1736.814,1333.787
204825,2007-03-31,-18.182,135.025,,,,1736.814,1333.787
204825,2007-06-30,-6.391,294.157,39154.829,35703.796,,1968.359,1425.747
204825,2007-09-30,-15.537,203.005,37974.065,34210.199,,1785.909,1410.41
204825,2007-12-31,-39.723,230.21,37068.407,33118.563,,1801.848,1259.061
204825,2008-03-31,9.605,226.343,37371.273,33698.021,,1678.665,1247.772
204825,2008-06-30,5.093,135.362,37246.996,33922.329,,1736.691,1226.812
204825,2008-09-30,0.52,-387.125,38683.548,35556.598,,1746.403,1450.971
204825,2008-12-31,9.475,96.046,38001.743,34636.331,,1899.866,1197.914
204825,2009-03-31,102.484,286.792,40966.733,37545.805,,2091.337,1643.246
204825,2009-03-31,99.861,284.169,,,,2091.337,1643.246
204825,2009-06-30,-0.377,275.091,41557.587,37885.013,,2374.603,1840.371
204825,2009-06-30,-0.377,280.95,,,,2374.603,1840.371
204825,2009-09-30,8.096,225.394,41547.971,37491.207,,2260.418,1725.391
204825,2009-09-30,8.096,229.097,,,,2260.418,1725.391
204825,2009-12-31,1.068,276.025,42264.219,37978.931,,2580.818,1901.753
204825,2009-12-31,1.068,271.613,,,,2580.818,1901.753
204825,2010-03-31,10.226,226.089,44694.247,40068.711,4625.536,2289.591,1773.471
204825,2010-03-31,7.123,219.878,,,,2289.591,1773.471
204825,2010-06-30,43.594,232.719,48205.151,43404.428,4800.723,2530.078,1961.479
204825,2010-09-30,75.916,350.695,45834.18,40775.969,5058.211,2651.522,2006.249
204825,2010-12-31,4.032,285.242,46725.293,41568.955,5156.338,2575.825,1919.567
204825,2011-03-31,40.281,20.529,46221.773,41283.324,4938.449,2490.719,2262.974
204825,2011-06-30,3.213,176.484,46958.317,42034.677,4923.64,2657.201,2080.855
204825,2011-09-30,2.913,216.615,48024.775,42712.29,5312.485,2732.012,2038.259
204825,2011-12-31,19.374,328.62,49866.952,44224.879,5642.073,2871.579,2269.267
204825,2012-03-31,2.188,367.795,51120.887,45148.466,5972.421,2816.165,2155.147
204825,2012-03-31,2.188,367.799,,,,2816.165,2155.147
204825,2012-06-30,2.078,178.782,53411.967,47313.385,6098.582,3008.621,2251.848
204825,2012-06-30,2.078,178.787,,,,3008.621,2251.848
204825,2012-09-30,2.0,394.017,54559.12,47986.774,6572.346,3134.183,2424.335
204825,2012-09-30,2.0,394.028,,,,3134.183,2424.335
204825,2012-12-31,5.604,361.358,54811.713,48036.08,6775.633,3320.273,2551.299
204825,2012-12-31,150.556,348.78,,,,3320.273,2563.881
204825,2013-03-31,1.795,321.13,56381.031,49450.318,6930.713,3080.861,2349.156
204825,2013-03-31,5.106,335.162,,,,3080.861,2335.124
204825,2013-06-30,6.731,286.483,55157.095,48925.228,6231.867,3110.658,2277.006
204825,2013-06-30,-34.103,294.846,,,,3110.658,2268.643
204825,2013-09-30,5.172,259.026,54866.339,48473.005,6393.334,2925.754,2219.976
204825,2013-09-30,23.899,260.792,,,,2925.754,2218.21
204825,2013-12-31,-22.871,235.753,53915.544,47354.524,6561.02,3109.391,2428.099
204825,2013-12-31,-4.075,211.592,,,,3109.391,2452.26
204825,2014-03-31,10.757,321.829,54328.822,47387.068,6941.754,2912.736,2228.605
204825,2014-06-30,5.158,313.01,55435.444,48362.826,7072.618,2926.624,2195.193
204825,2014-09-30,1.797,385.477,59107.58,51409.551,7698.029,3126.753,2406.32
204825,2014-12-31,-25.881,350.354,60457.584,52176.021,8281.563,3456.968,2662.679
204825,2015-03-31,9.967,404.001,67158.181,57960.204,9197.977,3431.85,2671.481
204825,2015-06-30,22.336,336.933,64962.712,56612.757,8349.955,3587.506,2751.095
204825,2015-09-30,3.031,382.897,63749.792,55321.672,8428.12,3810.747,2993.303
204825,2015-12-31,10.476,547.089,63214.938,54437.468,8777.47,3762.939,2760.685
204825,2016-03-31,15.4,388.823,61889.848,52828.384,9061.464,3542.018,2656.457
204825,2016-06-30,11.081,320.477,62317.699,53181.333,9136.366,3624.644,2816.414
204825,2016-06-30,11.291,322.425,,,,3624.644,2816.414
204825,2016-09-30,10.086,425.965,62822.943,53309.46,9513.483,3599.89,2730.168
204825,2016-09-30,10.086,425.985,,,,3599.89,2736.084
204825,2016-12-31,8.94,482.39,63528.602,53788.055,9740.547,3651.063,2688.798
204825,2016-12-31,8.94,480.422,,,,3643.724,2685.38
204825,2017-03-31,45.71,382.17,64215.972,54175.658,10040.314,3732.141,2819.233
204825,2017-06-30,68.281,381.431,61973.659,52676.876,9296.783,3790.627,2899.38
204825,2017-09-30,16.306,-11.064,61881.571,52944.849,8936.722,4017.868,3655.383
204825,2017-12-31,32.872,540.082,61196.846,51910.288,9286.558,4091.034,2817.003
287483,2007-12-31,,,7.131,0.067,,,
287483,2008-03-31,0.0,0.074,11.483,4.311,,0.3405,0.215
287483,2008-06-30,0.0,0.074,11.483,4.311,,0.3405,0.215
287483,2008-09-30,0.012,-0.1165,13.111,6.095,,0.973,0.747
287483,2008-12-31,0.012,-0.1165,13.111,6.095,,0.973,0.747
287483,2009-03-31,0.091,0.063,22.77,15.616,,1.592,0.949
287483,2009-06-30,0.091,0.063,22.77,15.616,,1.592,0.949
287483,2009-09-30,0.0895,0.4295,21.493,13.753,,1.8905,0.8765
287483,2009-12-31,0.0895,0.4295,21.493,13.753,,1.8905,0.8765
287483,2010-03-31,0.0035,-0.04,29.92,22.238,7.682,1.5965,1.2085
287483,2010-06-30,0.0035,-0.04,29.92,22.238,7.682,1.5965,1.2085
287483,2010-09-30,0.0565,0.104,28.404,20.532,7.872,1.799,0.888
287483,2010-12-31,-0.0015,0.104,28.404,20.532,7.872,1.799,0.888
287483,2011-03-31,0.0085,-0.367,30.842,23.506,7.336,1.549,1.399
287483,2011-06-30,0.0085,-0.367,30.842,23.506,7.336,1.549,1.399
287483,2011-09-30,0.0025,0.065,28.67,21.185,7.485,1.6965,0.8575
287483,2011-12-31,0.0025,0.065,28.67,21.185,7.485,1.6965,0.8575
287483,2012-03-31,0.0,0.167,29.863,22.131,7.732,1.535,0.8515
287483,2012-06-30,0.0,0.167,29.863,22.131,7.732,1.535,0.8515
287483,2012-09-30,0.0,0.26,39.691,30.596,9.095,1.949,0.8995
287483,2012-12-31,0.0,0.26,39.691,30.596,9.095,1.949,0.8995
287483,2013-03-31,0.055,0.301,39.557,30.0,9.557,2.2935,1.1855
287483,2013-06-30,0.055,0.301,39.557,30.0,9.557,2.2935,1.1855
287483,2013-09-30,-0.055,0.1255,44.285,34.459,9.826,2.557,0.846
287483,2013-12-31,-0.055,0.1255,44.285,34.459,9.826,2.557,0.846
287483,2014-03-31,0.0,0.098,51.708,42.11,9.598,3.213,1.745
287483,2014-06-30,0.0,0.098,51.708,42.11,9.598,3.213,1.745
287483,2014-09-30,0.075,0.9825,57.092,44.224,12.868,3.4735,1.2125
287483,2014-12-31,0.0145,0.469,54.494,44.009,10.485,3.4735,1.2125
287483,2014-12-31,0.075,0.9825,,,,3.4735,1.2125
287483,2015-03-31,0.122,0.112,64.666,54.261,10.405,3.561,2.2345
287483,2015-06-30,0.0,-0.126,64.666,54.261,10.405,3.683,2.2345
287483,2015-06-30,0.122,0.112,,,,3.561,2.2345
287483,2015-09-30,,,,,,,
287483,2015-09-30,0.146,0.287,74.597,58.174,16.423,4.369,1.523
287483,2015-12-31,0.196,0.453,74.597,58.174,16.423,4.247,1.523
287483,2015-12-31,0.146,0.287,,,,4.369,1.523
287483,2016-03-31,0.165,0.43,98.992,82.208,16.784,5.091,3.6235
287483,2016-06-30,0.165,0.322,98.992,82.208,16.784,5.091,3.6235
287483,2016-06-30,0.165,0.43,,,,5.091,3.6235
287483,2016-09-30,0.902,0.0675,109.431,86.912,22.519,6.363,2.779
287483,2016-09-30,,,,,,,
287483,2016-12-31,0.902,0.0675,109.431,86.912,22.519,6.363,2.779
287483,2017-03-31,0.1275,0.1865,109.599,87.598,22.001,6.1405,4.101
287483,2017-06-30,0.1275,0.1865,109.599,87.598,22.001,6.1405,4.101
316604,2011-06-30,,,5843.0,5778.2,64.8,,
316604,2012-06-30,,,8267.8,8188.2,79.6,,
316604,2012-09-30,1.55,28.6,,,79.6,227.75,250.05
316604,2012-12-31,1.55,28.6,,,,227.75,250.05
316604,2013-03-31,1.25,10.55,9762.2,9612.1,150.1,130.1,55.2
316604,2013-06-30,1.25,10.55,9762.2,9612.1,150.1,130.1,55.2
316604,2013-09-30,1.45,13.25,10420.2,9618.1,802.1,315.35,303.95
316604,2013-12-31,1.45,13.25,10420.2,9618.1,802.1,315.35,303.95
316604,2014-03-31,2.0,33.15,11349.0,10496.2,852.8,173.8,227.45
316604,2014-06-30,2.0,33.15,11349.0,10496.2,852.8,173.8,227.45
316604,2014-09-30,1.2,-4.6,13061.8,12227.4,834.4,256.25,473.2
316604,2014-12-31,1.2,-4.6,13061.8,12227.4,834.4,256.25,473.2
316604,2015-03-31,1.35,-10.2,11248.6,10434.6,814.0,707.25,701.75
316604,2015-06-30,1.35,-10.2,11248.6,10434.6,814.0,707.25,701.75
316604,2015-09-30,1.4,13.05,12351.9,11430.4,921.5,368.6,431.5
316604,2015-12-31,1.4,13.05,12351.9,11430.4,921.5,368.6,431.5
316604,2016-03-31,1.65,113.2,23000.2,21323.8,1676.4,190.1,499.15
316604,2016-06-30,1.65,113.2,23000.2,21323.8,1676.4,190.1,499.15
316604,2016-12-31,,,23894.5,22283.9,1610.6,,
316604,2017-03-31,2.7,33.0,23617.3,21969.2,1648.1,492.9,454.2
316604,2017-06-30,2.7,33.0,23617.3,21969.2,1648.1,492.9,454.2
316604,2017-09-30,0.2,57.65,24164.9,22424.4,1740.5,679.0,696.25
316604,2017-12-31,0.2,57.65,24164.9,22424.4,1740.5,679.0,696.25
274774,2005-12-31,,,1077.75,130.656,,,
274774,2005-12-31,,,,,,,
274774,2006-03-31,0.0,9.3,,,,18.8,4.0
274774,2006-06-30,0.0,30.0,1532.6,541.3,,45.5,3.4
274774,2006-09-30,2.0,52.6,,,,80.2,12.8
274774,2006-12-31,1.2,67.6,1662.7,525.1,,99.0,18.9
274774,2006-12-31,,,,,,,
274774,2007-03-31,1.3,88.3,1850.1,616.6,,140.2,32.0
274774,2007-06-30,1.5,82.8,2111.6,801.4,,151.9,52.3
274774,2007-09-30,1.1,105.1,2250.2,820.5,,160.5,37.1
274774,2007-12-31,-19.1,115.7,,,,158.6,24.9
274774,2007-12-31,-17.3,115.7,2234.7,1019.1,,158.6,24.9
274774,2008-03-31,-0.1,86.4,2169.7,873.4,,169.0,65.7
274774,2008-06-30,-0.1,49.8,2276.1,970.4,,148.5,67.9
274774,2008-09-30,0.0,-121.7,2299.7,1145.0,,147.9,225.6
274774,2008-12-31,0.0,83.1,2489.0,1216.3,,141.9,16.3
274774,2009-03-31,0.0,41.0,2603.8,1286.7,,139.2,74.6
274774,2009-06-30,0.0,107.2,2597.2,1178.4,,144.1,8.4
274774,2009-09-30,0.0,109.4,2693.3,1156.2,,155.8,16.9
274774,2009-12-31,-1.7,130.9,2637.1,1258.2,,155.6,-1.2
274774,2010-03-31,0.0,10.1,2582.0,1222.7,1359.3,171.8,133.9
274774,2010-06-30,-0.5,84.5,2575.5,1214.6,1360.9,144.6,27.0
274774,2010-09-30,0.0,107.6,2634.6,1189.0,1445.6,148.4,13.9
274774,2010-12-31,-1.0,137.0,2627.4,1340.5,1286.9,149.4,-9.1
274774,2011-03-31,0.0,8.4,2498.9,1216.8,1282.1,145.2,97.3
274774,2011-06-30,0.0,91.0,2652.2,1271.8,1380.4,142.3,12.5
274774,2011-09-30,0.3,79.0,2636.1,1203.6,1432.5,148.8,18.1
274774,2011-12-31,-0.6,40.2,2507.6,1180.8,1326.8,138.2,54.4
274774,2012-03-31,2.9,46.5,2690.3,1329.1,1361.2,141.5,50.5
274774,2012-06-30,-2.6,60.6,2782.8,1361.0,1421.8,150.2,41.9
274774,2012-09-30,2.9,78.0,2794.9,1286.6,1508.3,143.8,21.0
274774,2012-12-31,0.1,51.7,2639.0,1251.6,1387.4,147.1,60.7
274774,2013-03-31,3.2,78.9,2789.3,1553.6,1235.7,133.8,23.0
274774,2013-06-30,3.6,58.3,2616.6,1350.3,1266.3,126.7,38.3
274774,2013-09-30,2.8,25.7,2804.0,1313.5,1490.5,134.0,75.6
274774,2013-12-31,2.8,55.2,3267.8,1807.4,1460.4,173.6,51.2
274774,2014-03-31,5.6,57.4,3453.3,1994.2,1459.1,174.9,59.7
274774,2014-06-30,4.4,41.5,3532.3,2027.5,1504.8,186.4,65.0
274774,2014-09-30,5.1,36.1,3455.2,1924.6,1530.6,179.6,80.5
274774,2014-12-31,8.8,91.5,3117.8,1760.5,1357.3,174.7,21.3
274774,2015-03-31,6.9,51.5,3281.1,1978.2,1302.9,154.2,45.1
274774,2015-06-30,4.5,37.1,3175.2,1841.2,1334.0,143.4,50.0
274774,2015-09-30,7.8,32.9,3035.6,1674.6,1361.0,138.7,36.6
274774,2015-12-31,4.8,50.2,2775.6,1554.8,1220.8,130.8,24.0
274774,2016-03-31,3.9,26.5,2928.0,1681.8,1246.2,137.2,40.6
274774,2016-06-30,5.0,30.1,3076.3,1787.7,1288.6,113.4,32.4
274774,2016-09-30,5.7,42.9,3007.4,1686.2,1321.2,109.3,27.7
274774,2016-12-31,11.0,50.9,2755.9,1548.1,1207.8,128.2,41.8
274774,2017-03-31,7.3,28.7,2870.3,1651.8,1218.5,117.1,44.2
274774,2017-06-30,2.0,38.0,2914.3,1653.0,1261.3,98.3,11.9
274774,2017-09-30,-10.0,-136.4,2984.5,1867.8,1116.7,119.0,208.7
274774,2017-12-31,8.5,-3.2,2896.0,1788.7,1107.3,93.5,70.6
260840,1996-03-31,124.0,570.0,,,,6196.0,6752.0
260840,1996-06-30,117.0,594.0,,,,5448.0,5951.0
260840,1996-09-30,902.5918,-778.8601,,,,-8047.2124,-8915.5728
260840,1996-12-31,144.0,778.0,,,,7329.0,8488.0
260840,1997-03-31,127.0,651.0,,,,7525.0,8173.0
260840,1997-06-30,156.0,741.0,,,,7346.0,8661.0
260840,1997-09-30,1211.1283,-1012.2633,,,,-10549.0865,-11841.108
260840,1997-12-31,196.0,850.0,,,,9222.0,10037.0
260840,1998-03-31,483.0,1203.0,,,,11921.0,14366.0
260840,1998-06-30,286.0,1310.0,,,,10157.0,11119.0
260840,1998-09-30,154.4223,784.8898,,,,4143.3296,3789.9808
260840,1998-12-31,,,,,,,
260840,1999-03-31,160.0,511.0,,,,5234.0,6173.0
260840,1999-06-30,1306.0,1891.0,,,,5240.0,6623.0
260840,1999-09-30,182.0,592.0,,,,5202.0,4947.0
260840,1999-12-31,132.0,638.0,,,,6736.0,9800.0
260840,2000-03-31,262.0,659.0,,,,7270.0,8826.0
260840,2000-06-30,262.0,3892.0,,,,6170.0,5809.0
260840,2000-09-30,256.0,4318.0,,,,6904.0,7622.0
260840,2000-12-31,396.0,1505.0,,,,8770.0,7644.0
260840,2001-03-31,540.0,919.0,,,,12888.0,12461.0
260840,2001-06-30,601.0,1374.0,,,,11602.0,11890.0
260840,2001-09-30,475.0,836.0,,,,11452.0,11790.0
260840,2001-12-31,2051.0,786.0,268008.0,251583.0,,11843.0,3909.0
260840,2002-03-31,521.0,981.0,,,,14140.0,14743.0
260840,2002-06-30,682.0,1588.0,,,,14020.0,14614.0
260840,2002-09-30,425.0,1079.0,,,,11551.0,12342.0
260840,2002-12-31,-1227.0,1281.0,241810.0,229820.0,,9860.0,-2815.0
260840,2003-03-31,524.0,-1.0,,,,12550.0,13170.0
260840,2003-06-30,464.0,1682.0,,,,11255.0,11683.0
260840,2003-09-30,700.0,790.0,243032.0,230001.0,,10362.0,10995.0
260840,2003-12-31,-1039.0,1045.0,240584.0,227386.0,,9090.0,17616.0
260840,2004-03-31,447.0,800.0,253095.0,239166.0,,11366.0,11837.0
260840,2004-06-30,495.0,1305.0,,,,10528.0,10775.0
260840,2004-09-30,456.0,1061.0,257073.0,242260.0,,10854.0,11555.0
260840,2004-12-31,-783.0,1457.0,256771.0,241115.0,,8421.0,8439.0
260840,2004-12-31,1526.0,1180.0,,,,12101.0,9493.0
260840,2005-03-31,622.0,1022.0,,,,11163.0,11508.0
260840,2005-06-30,176.0,794.0,,,,11461.0,11821.0
260840,2005-09-30,663.0,1123.0,,,,11440.0,11898.0
260840,2005-12-31,1485.0,1069.0,328810.0,306956.0,,9183.0,5660.0
260840,2006-03-31,620.0,1254.0,330690.0,308567.0,,12525.0,12804.0
260840,2006-06-30,633.0,1316.0,319397.0,299443.0,,12052.0,12302.0
260840,2006-09-30,405.0,1025.0,333260.0,311113.0,,10553.0,10562.0
260840,2006-12-31,4508.0,1381.0,333771.0,310084.0,,10322.0,8982.0
260840,2007-03-31,465.0,1076.0,337954.0,313961.0,,10778.0,10612.0
260840,2007-06-30,480.0,1972.0,338593.0,315107.0,,11098.0,10656.0
260840,2007-09-30,470.0,1704.0,,,,11395.0,11983.0
260840,2007-12-31,1830.0,1875.0,322083.0,303282.0,,12499.0,9763.0
260840,2008-03-31,1044.0,767.0,308630.0,290808.0,,12574.0,13680.0
260840,2008-06-30,490.0,1147.0,304426.0,289457.0,,11155.0,10964.0
260840,2008-09-30,583.0,-413.0,310586.0,297509.0,,10380.0,11831.0
260840,2008-12-31,459.0,-3002.0,312220.0,299807.0,,8970.0,12328.0
260840,2009-03-31,904.0,-1320.0,289098.0,278573.0,,8914.0,10856.0
260840,2009-06-30,-1470.0,200.0,287041.0,274764.0,,7269.0,5842.0
260840,2009-06-30,-1852.0,222.0,,,,7269.0,5808.0
260840,2009-09-30,498.0,384.0,298455.0,283844.0,,7632.0,7192.0
260840,2009-12-31,-3125.0,237.0,290409.0,274442.0,,4741.0,3091.0
260840,2009-12-31,,,,,,,
260840,2010-03-31,135.0,267.0,312754.0,294257.0,18497.0,8262.0,8487.0
260840,2010-03-31,30.0,56.0,,,,7333.0,6485.0
260840,2010-06-30,2321.0,-145.0,332042.0,311319.0,20723.0,6796.0,9817.0
260840,2010-06-30,2217.0,-11.0,,,,6344.0,8139.0
260840,2010-09-30,528.0,-580.0,325560.0,304463.0,21097.0,6554.0,7243.0
260840,2010-12-31,2022.0,-816.0,325764.0,304842.0,20922.0,4255.0,893.0
260840,2010-12-31,,,,,,,
260840,2011-03-31,-157.0,358.0,314036.0,294957.0,19079.0,7381.0,6803.0
260840,2011-06-30,744.0,595.0,311083.0,291527.0,19556.0,5973.0,6174.0
260840,2011-09-30,375.0,478.0,325155.0,302607.0,22548.0,6229.0,9668.0
260840,2011-12-31,3214.0,-1400.0,335387.0,311850.0,23537.0,4559.0,3105.0
260840,2011-12-31,,,,,,,
260840,2012-03-31,-1210.0,-370.0,335927.0,312312.0,23615.0,5702.0,4986.0
260840,2012-03-31,-1204.0,-352.0,,,,5347.0,4633.0
260840,2012-06-30,1061.0,269.0,350179.0,324856.0,25323.0,4362.0,5663.0
260840,2012-06-30,1066.0,352.0,,,,4479.0,5779.0
260840,2012-09-30,352.0,-201.0,351015.0,324242.0,26773.0,4609.0,4811.0
260840,2012-12-31,-825.0,263.0,339863.0,312347.0,27516.0,3218.0,2293.0
260840,2012-12-31,,,,,,,
260840,2013-03-31,-1163.0,356.0,,,26640.0,3582.0,2315.0
260840,2013-06-30,-240.0,72.0,321921.0,296526.0,25395.0,4184.0,4019.0
260840,2013-06-30,-488.0,80.0,,,,1983.0,1512.0
260840,2013-09-30,621.0,233.0,,,,386.0,255.0
260840,2013-12-31,-3628.0,-721.0,145758.0,131463.0,14295.0,8222.0,5379.0
260840,2013-12-31,-52.0,-36.0,,,,1912.0,1018.5
260840,2014-03-31,473.0,-284.0,147734.0,132980.0,14754.0,3082.0,3202.0
260840,2014-06-30,116.0,320.0,154062.0,137063.0,16999.0,2050.0,1871.0
260840,2014-09-30,719.0,457.0,160186.0,140786.0,19400.0,379.0,264.0
260840,2014-12-31,-990.0,269.0,165481.0,144064.0,21417.0,8044.0,8017.0
260840,2014-12-31,-990.0,269.0,,,,8044.0,8017.0
260840,2015-03-31,330.0,584.0,178664.0,153469.0,25195.0,3183.0,3179.0
260840,2015-03-31,331.0,584.0,,,,3181.0,3112.0
260840,2015-06-30,-2.0,460.0,161662.0,141968.0,19694.0,2018.0,1669.0
260840,2015-06-30,-2.0,460.0,,,,2018.0,1669.0
260840,2015-09-30,634.0,372.0,161903.0,140602.0,21301.0,1985.0,2359.0
260840,2015-12-31,-882.0,345.0,162152.0,140688.0,21464.0,7914.0,7859.0
260840,2015-12-31,6.0,345.0,,,,1868.0,1526.0
260840,2016-03-31,753.0,331.0,170058.0,145964.0,24094.0,2858.0,3332.0
260840,2016-03-31,812.0,332.0,,,,2859.0,3329.0
260840,2016-06-30,751.0,426.0,177856.0,151606.0,26250.0,2087.0,2476.0
260840,2016-09-30,123.0,547.0,177522.0,151057.0,26465.0,2194.0,2000.0
260840,2016-12-31,-203.0,158.0,168505.0,144801.0,23704.0,2120.0,1476.0
260840,2017-03-31,331.0,544.0,167411.0,144305.0,23106.0,2956.0,2731.0
260840,2017-06-30,115.0,338.0,231874.0,207973.0,23901.0,2945.0,2635.0
260840,2017-09-30,380.0,898.0,229590.0,205496.0,24094.0,2978.0,2754.0
260840,2017-12-31,325.0,744.0,227062.0,202263.0,24799.0,2888.0,2898.0
208752,1999-06-30,,,,,,,
208752,1999-12-31,,,30832.219,29678.502,,,
208752,2000-06-30,,,,,,,
208752,2000-12-31,,,31364.96,30167.227,,,
208752,2001-06-30,,,,,,,
208752,2002-06-30,,,15400.018,14750.361,,,
208752,2002-12-31,,,15201.538,14604.958,,,
208752,2003-06-30,13.447,9.089,15653.389,15042.525,,599.798,413.224
208752,2003-12-31,,,16192.363,15577.489,,,
208752,2004-03-31,19.371,16.967,16384.78,15764.152,,622.522,471.373
208752,2004-06-30,15.736,17.25,16468.828,15857.434,,608.682,421.973
208752,2004-09-30,18.157,12.911,16431.887,15812.081,,636.722,446.865
208752,2004-12-31,20.809,9.023,16787.663,16165.494,,700.595,990.139
208752,2005-03-31,21.855,20.04,16995.235,16377.753,,653.483,476.015
208752,2005-03-31,40.969,26.1,,,,754.736,763.876
208752,2005-06-30,14.573,14.106,17234.534,16616.634,,643.098,413.576
208752,2005-06-30,29.322,16.734,,,,729.206,826.645
208752,2005-09-30,21.592,13.595,17740.369,17116.909,,650.464,413.659
208752,2005-12-31,,,19848.011,19152.135,,,
208752,2006-03-31,39.2581,32.0321,20123.2887,19409.7444,,760.671,919.3162
208752,2006-06-30,40.6976,67.0498,19251.916,18648.611,,737.7372,432.5807
208752,2006-06-30,-349.2003,67.0498,,,,737.7372,432.5807
208752,2006-09-30,-276.0496,-5.1467,20972.1443,20332.1712,,769.6398,951.7426
208752,2006-12-31,22.7766,-5.1467,20972.1443,20332.1712,,769.6398,951.7426
208752,2007-03-31,198.4004,28.4107,21905.9397,21262.0836,,793.5171,1051.9501
208752,2007-06-30,31.0293,28.8177,21905.9397,21262.0836,,793.5171,1051.9501
208752,2007-06-30,198.4004,28.4107,,,,793.5171,1051.9501
208752,2007-09-30,-334.2761,50.2786,,,,405.1658,-653.6002
208752,2007-09-30,,,,,,,
208752,2007-12-31,765.9494,33.6149,21567.5199,20928.03,,1219.2869,1970.7048
208752,2007-12-31,303.2423,42.4701,,,,812.2264,658.5523
208752,2008-03-31,10.6,35.1,,,,828.6,535.2
208752,2008-06-30,392.0323,11.3187,20500.5923,19905.8524,,824.1342,-44.7521
208752,2008-06-30,,,,,,,
208752,2008-09-30,-375.0323,1.5813,,,,706.8658,963.2521
208752,2008-12-31,832.6933,-23.5097,19527.5632,18921.7872,,956.5806,-695.6372
208752,2009-03-31,9.0,21.3,,,,837.6,452.4
208752,2009-06-30,418.0924,11.3141,20015.4618,19402.8601,,841.4047,1055.6655
208752,2009-06-30,418.4036,8.3269,,,,841.4047,1054.2623
208752,2009-09-30,-401.9036,23.0731,,,,826.6953,29.3377
208752,2009-12-31,868.8253,6.9724,21307.0263,20646.3801,,898.2211,2340.4543
208752,2009-12-31,779.3912,0.1656,,,,898.2211,2337.1951
208752,2010-03-31,9.0,27.2,,,660.6462,864.9,601.9
208752,2010-06-30,357.0408,25.4598,22000.8822,21347.4945,653.3876,866.9529,1112.8988
208752,2010-09-30,-339.9408,15.6402,,,,850.0471,130.9012
208752,2010-12-31,878.3349,-6.1905,,,,922.0997,2153.185
208752,2010-12-31,670.4971,-0.4596,22978.0386,22311.4046,666.634,922.0997,2159.929
208752,2011-03-31,8.6,44.3,,,666.634,864.5,627.9
208752,2011-06-30,264.8438,30.2885,23448.703,22751.7504,696.9526,871.9361,1011.6283
208752,2011-06-30,263.9329,27.6403,,,,871.9361,1009.7573
208752,2011-09-30,-181.1666,7.5597,,,,873.4639,246.6427
208752,2011-12-31,652.806,8.6105,22869.2885,22167.8946,701.3939,891.0199,689.1906
208752,2012-03-31,9.4,46.5,,,701.3939,938.4,523.5
208752,2012-06-30,455.0973,30.7691,23661.9949,22903.1775,758.8174,907.3316,1474.4402
208752,2012-06-30,456.0043,31.2622,,,,907.3316,1474.8756
208752,2012-09-30,-226.0411,42.3309,,,758.8174,888.1684,-191.0402
208752,2012-12-31,1064.3832,1.8233,25169.3145,24326.9492,842.3653,905.5945,2535.9077
208752,2012-12-31,,,,,,,
208752,2013-03-31,34.3,81.5,,,842.3653,2707.7,1930.6
208752,2013-06-30,138.3927,28.455,,,,909.7525,1026.0308
208752,2013-06-30,138.3927,28.455,25776.7699,25026.2785,750.4914,909.7525,1026.0308
208752,2013-09-30,111.7495,27.1635,26932.5486,26108.8731,823.6755,890.8722,1225.945
208752,2013-12-31,111.7495,27.1635,26932.5486,26108.8731,823.6755,890.8722,1225.945
208752,2014-03-31,133.1661,41.6404,28062.9539,27182.3203,880.6336,894.7425,1088.446
208752,2014-06-30,133.1661,41.6404,28062.9539,27182.3203,880.6336,894.7425,1088.446
208752,2014-09-30,118.6372,25.768,29184.2785,28298.2152,886.0632,876.7366,1108.6418
208752,2014-12-31,118.6372,25.768,29184.2785,28298.2152,886.0632,876.7366,1108.6418
208752,2015-03-31,38.2762,24.6848,30370.0105,29499.7684,870.242,721.4254,1114.7048
208752,2015-06-30,41.6922,33.2719,30370.0105,29499.7684,870.242,892.9807,1296.798
208752,2015-06-30,38.2762,24.6848,,,,721.4254,1114.7048
208752,2015-09-30,43.6506,16.6714,27971.2945,27265.6435,705.6509,759.9093,654.3921
208752,2015-09-30,,,,,,,
208752,2015-12-31,44.1608,24.7378,30229.9005,29313.916,915.9845,861.9404,737.0268
208752,2015-12-31,43.6506,16.6714,,,,759.9093,654.3921
208752,2016-03-31,36.7398,19.1269,28012.3853,27317.7577,694.6276,688.8442,480.5749
208752,2016-06-30,36.7398,19.1269,28012.3853,27317.7577,694.6276,688.8442,480.5749
208752,2016-09-30,41.3351,23.5658,29082.9613,28353.3704,729.5909,764.0714,1115.3994
208752,2016-12-31,41.3351,23.5658,29082.9613,28353.3704,729.5909,764.0714,1115.3994
208752,2017-03-31,38.5326,29.3736,29894.7028,29161.9708,732.732,729.8088,927.1324
208752,2017-06-30,38.5326,29.3736,29894.7028,29161.9708,732.732,729.8088,927.1324
208752,2017-09-30,39.701,43.51,30926.4481,30125.4051,801.043,758.9102,984.4323
208752,2017-12-31,39.701,43.51,30926.4481,30125.4051,801.043,758.9102,984.4323
250017,2000-03-31,-0.018,0.8365,,,,2.595,0.658
250017,2000-06-30,-0.018,0.8365,,,,2.595,0.658
250017,2000-09-30,-0.007,0.974,16.56,5.329,,2.6665,0.5285
250017,2000-12-31,-0.007,0.974,16.56,5.329,,2.6665,0.5285
250017,2001-03-31,-0.0135,1.06,16.893,4.784,,2.6725,0.6375
250017,2001-03-31,-1.0135,1.06,,,,2.6725,0.6375
250017,2001-06-30,-0.0165,1.06,16.893,4.784,,2.6725,0.6375
250017,2001-06-30,-1.0135,1.06,,,,2.6725,0.6375
250017,2001-09-30,-1.167,1.263,,,,2.8675,0.5495
250017,2001-09-30,-0.019,1.263,17.586,5.267,,2.8675,0.5495
250017,2001-12-31,-0.016,1.263,17.586,5.267,,2.8675,0.5495
250017,2001-12-31,-1.167,1.263,,,,2.8675,0.5495
250017,2002-03-31,-0.015,1.324,18.329,4.772,,2.9865,0.643
250017,2002-03-31,-1.036,1.324,,,,2.9865,0.643
250017,2002-06-30,-0.015,1.324,18.329,4.772,,2.9865,0.643
250017,2002-06-30,-1.036,1.324,,,,2.9865,0.643
250017,2002-09-30,-0.0175,1.483,19.193,5.637,,3.1205,0.6605
250017,2002-09-30,-1.039,1.483,,,,3.1205,0.6605
250017,2002-12-31,-0.0175,1.483,19.595,5.637,,3.1205,0.6605
250017,2002-12-31,-1.039,1.483,,,,3.1205,0.6605
250017,2003-03-31,-0.016,1.461,19.98,4.638,,3.1575,0.694
250017,2003-06-30,-0.016,1.461,19.98,4.638,,3.1575,0.694
250017,2003-09-30,0.539,1.6915,21.558,7.019,,3.305,0.618
250017,2003-09-30,0.539,1.6915,,,,3.305,0.618
250017,2003-12-31,-0.0265,1.6915,21.558,7.019,,3.305,0.618
250017,2003-12-31,0.539,1.6915,,,,3.305,0.618
250017,2004-03-31,-0.017,1.4095,21.642,5.127,,3.3065,0.8055
250017,2004-06-30,-0.017,1.4095,21.642,5.127,,3.3065,0.8055
250017,2004-09-30,-0.0255,1.68,23.609,4.842,,3.4755,0.739
250017,2004-09-30,-1.263,1.68,,,,3.4755,0.739
250017,2004-12-31,0.44,1.68,23.609,7.37,,3.4755,0.739
250017,2004-12-31,-1.263,1.68,,,,3.4755,0.739
250017,2005-03-31,-0.019,1.659,36.152,17.901,,3.7385,0.8635
250017,2005-06-30,-0.019,1.659,36.152,17.901,,3.7385,0.8635
250017,2005-09-30,-0.044,2.171,37.351,16.79,,3.985,0.5465
250017,2005-09-30,,,,,,,
250017,2005-12-31,-0.044,2.171,37.351,16.79,,3.985,0.5465
250017,2006-03-31,-1.117,2.112,,,,4.001,0.834
250017,2006-03-31,2.69,2.112,36.322,15.86,,4.001,0.834
250017,2006-06-30,-0.035,1.8485,36.322,15.86,,4.001,0.834
250017,2006-06-30,2.69,2.112,,,,4.001,0.834
250017,2006-09-30,1.842,2.541,37.919,14.119,,3.9755,0.62
250017,2006-09-30,-0.974,2.541,,,,3.9755,0.62
250017,2006-12-31,-0.005,2.3065,36.757,13.995,,3.9755,0.62
250017,2006-12-31,1.842,2.541,,,,3.9755,0.62
250017,2007-03-31,1.9455,2.1205,36.816,12.772,,3.9575,0.829
250017,2007-06-30,2.379,2.1205,36.816,12.772,,3.9575,0.829
250017,2007-06-30,-1.1695,2.1205,,,,3.9575,0.829
250017,2007-09-30,1.8,2.165,35.414,8.705,,4.0615,0.711
250017,2007-09-30,,,,,,,
250017,2007-12-31,1.4705,2.165,35.414,8.705,,4.0615,0.711
250017,2007-12-31,-1.3745,2.165,,,,4.0615,0.711
250017,2008-03-31,1.895,2.2015,34.948,8.414,,4.0265,0.8055
250017,2008-06-30,1.895,2.2015,34.948,8.414,,4.0265,0.8055
250017,2008-09-30,2.065,0.412,31.047,7.888,,4.204,0.9185
250017,2008-12-31,2.065,0.412,31.047,7.888,,4.204,0.9185
250017,2009-03-31,1.661,2.0065,29.67,5.876,,4.2605,1.087
250017,2009-06-30,1.661,2.0065,29.67,5.876,,4.2605,1.087
250017,2009-09-30,1.5935,0.754,27.296,5.558,,4.545,0.835
250017,2009-12-31,1.5935,0.754,27.296,5.558,,4.545,0.835
250017,2010-03-31,1.499,2.3055,28.013,5.493,22.52,4.5395,0.9165
250017,2010-06-30,1.499,2.3055,28.013,5.493,22.52,4.5395,0.9165
250017,2010-09-30,2.488,2.385,29.54,6.016,23.524,4.6915,1.0105
250017,2010-12-31,2.488,2.385,29.54,6.016,23.524,4.6915,1.0105
250017,2011-03-31,1.44,2.375,30.666,6.312,24.354,4.59,0.9585
250017,2011-06-30,1.44,2.375,30.666,6.312,24.354,4.59,0.9585
250017,2011-09-30,1.36,2.6325,33.37,7.713,25.657,4.964,0.991
250017,2011-12-31,1.36,2.6325,33.37,7.713,25.657,4.964,0.991
250017,2012-03-31,0.84,2.045,33.962,8.118,25.844,5.1355,1.0625
250017,2012-06-30,0.8135,2.0525,33.962,8.118,25.844,5.1355,1.0625
250017,2012-09-30,0.82,2.107,33.523,6.831,26.692,5.3265,1.043
250017,2012-12-31,0.8145,2.1075,33.584,6.892,26.692,5.3265,1.043
250017,2013-03-31,0.5435,1.656,33.897,7.03,26.867,5.4405,1.393
250017,2013-06-30,0.5435,1.656,33.897,7.03,26.867,5.4405,1.393
250017,2013-09-30,0.9115,0.209,32.683,7.52,25.163,5.8455,1.517
250017,2013-12-31,0.9115,0.209,32.683,7.52,25.163,5.8455,1.517
250017,2014-03-31,0.676,1.7295,41.482,16.783,24.699,5.9805,1.692
250017,2014-06-30,0.676,1.7295,41.482,16.783,24.699,5.9805,1.692
250017,2014-09-30,1.635,2.869,52.738,24.956,27.782,6.0465,1.5835
250017,2014-12-31,1.6305,2.869,52.259,25.211,27.048,6.0465,1.5835
250017,2014-12-31,1.635,2.869,,,,6.0465,1.5835
250017,2015-03-31,-0.319,1.4555,43.579,17.005,26.574,6.884,1.72
250017,2015-06-30,-0.319,1.4555,43.579,17.005,26.574,6.884,1.72
250017,2015-09-30,0.916,3.769,56.884,25.021,31.863,7.801,2.0055
250017,2015-12-31,0.916,3.769,56.884,25.021,31.863,7.801,2.0055
250017,2016-03-31,-0.555,1.5585,46.299,16.021,30.278,7.749,1.8695
250017,2016-06-30,-1.1455,0.968,46.299,16.021,30.278,7.749,1.8695
250017,2016-09-30,,0.0,53.142,20.817,32.325,,
250017,2016-12-31,,0.0,53.142,20.817,32.325,,
250017,2017-03-31,-0.718,1.5135,42.272,10.791,31.481,7.6605,1.869
250017,2017-06-30,-0.718,1.5135,42.272,10.791,31.481,7.6605,1.869
250017,2017-09-30,0.8335,3.2415,49.568,15.812,33.756,7.679,1.521
250017,2017-12-31,0.8335,3.2415,49.568,15.812,33.756,7.679,1.521
288153,2008-03-31,,3.6129,598.4131,186.8533,,,
288153,2008-06-30,,4.1348,598.4131,186.8533,,,
288153,2008-06-30,,3.6129,,,,,
288153,2008-09-30,0.0,12.6412,593.0,20.0,,,
288153,2008-12-31,0.0,12.035,593.0,20.0,,,
288153,2009-03-31,,-18.5,564.3102,176.3139,,,
288153,2009-06-30,,-0.253,609.6041,190.4656,,,
288153,2009-09-30,93.0,64.0,76936.0,74796.0,,257.0,631.5
288153,2009-09-30,,,,,,,
288153,2009-12-31,102.0,45.7245,76936.0,74796.0,,257.0,631.5
288153,2009-12-31,93.0,64.0,,,,257.0,631.5
288153,2010-03-31,59.0,98.0,77016.0,74601.0,2415.0,382.0,1072.5
288153,2010-06-30,59.0,98.0,77016.0,74601.0,2415.0,382.0,1072.5
288153,2010-09-30,24.5,-92.5,83602.0,81302.0,2300.0,342.5,2055.5
288153,2010-12-31,24.5,-92.5,83564.0,81264.0,2300.0,342.5,2067.5
288153,2011-03-31,43.5,47.0,82659.0,80278.0,2381.0,334.0,839.0
288153,2011-06-30,43.5,47.0,82659.0,80278.0,2381.0,334.0,839.0
288153,2011-09-30,103.5,-49.0,89501.0,87135.0,2366.0,360.0,1970.5
288153,2011-12-31,103.5,-49.0,89501.0,87135.0,2366.0,360.0,1970.5
288153,2012-03-31,37.0,-1.5,89715.0,87436.0,2279.0,385.5,1110.0
288153,2012-06-30,37.0,-6.5,89715.0,87436.0,2279.0,385.5,1110.0
288153,2012-06-30,37.0,-1.5,,,,385.5,1110.0
288153,2012-09-30,41.5,172.5,86094.0,83712.0,2382.0,-2167.5,-1116.5
288153,2012-09-30,,,,,,,
288153,2012-12-31,41.5,168.0,86094.0,83712.0,2382.0,-2167.5,-1116.5
288153,2012-12-31,41.5,172.5,,,,-2167.5,-1116.5
288153,2013-03-31,33.5,-6.5,84512.0,81995.0,2517.0,317.5,543.0
288153,2013-06-30,43.0,-20.5,84512.0,81995.0,2517.0,317.5,543.0
288153,2013-09-30,13.0,127.0,74469.0,71782.0,2687.0,354.5,906.0
288153,2013-12-31,47.0,115.5,74073.0,71386.0,2687.0,354.5,906.0
288153,2014-03-31,25.0,145.0,72818.0,69933.0,2885.0,241.0,958.5
288153,2014-06-30,25.0,145.0,72818.0,69933.0,2885.0,241.0,958.5
288153,2014-09-30,34.0,87.5,68803.0,65525.0,3278.0,-646.5,1112.0
288153,2014-12-31,34.0,87.5,68803.0,65525.0,3278.0,-646.5,1112.0
288153,2015-03-31,23.5,24.0,67270.0,64438.0,2832.0,193.5,201.5
288153,2015-06-30,23.5,24.0,67270.0,64438.0,2832.0,193.5,201.5
288153,2015-09-30,27.0,52.0,64514.0,61510.0,3004.0,-430.5,-306.0
288153,2015-12-31,27.0,52.0,64514.0,61510.0,3004.0,-430.5,-306.0
288153,2016-03-31,18.0,30.0,69997.0,67191.0,2806.0,212.0,2250.5
288153,2016-06-30,18.0,30.0,69997.0,67191.0,2806.0,212.0,2250.5
288153,2016-09-30,26.0,-65.0,85999.0,82666.0,3333.0,250.0,1105.0
288153,2016-12-31,26.0,-65.0,85999.0,82666.0,3333.0,250.0,1105.0
288153,2017-03-31,31.5,-34.5,85186.0,81998.0,3188.0,243.5,1277.0
288153,2017-06-30,31.5,-34.5,85186.0,81998.0,3188.0,243.5,1277.0
288153,2017-09-30,55.0,31.0,83443.0,80288.0,3155.0,219.0,1325.0
288153,2017-12-31,55.0,31.0,83443.0,80288.0,3155.0,219.0,1325.0
269546,2001-12-31,,,26108.653,22569.216,,,
269546,2002-12-31,,,30975.413,26010.886,,,
269546,2003-12-31,,,34869.797,28828.694,,,
269546,2003-12-31,,,,,,,
269546,2004-12-31,,,38964.417,30598.913,,,
269546,2004-12-31,,,,,,,
269546,2005-12-31,,,43041.678,32148.74,,,
269546,2006-03-31,11.04,1702.212,,,,3566.393,2054.847
269546,2006-06-30,8.871,206.213,,,,3980.014,3513.252
269546,2006-09-30,11.319,1427.119,,,,3892.022,2572.877
269546,2006-12-31,20.633,1281.693,49445.091,36114.068,,3660.035,2441.119
269546,2007-03-31,28.989,1420.239,50734.448,36144.479,,3683.453,2498.2
269546,2007-06-30,31.009,1799.947,52897.128,36866.1,,3706.058,2351.041
269546,2007-09-30,22.456,848.368,53592.387,36884.015,,3801.085,2421.307
269546,2007-12-31,42.292,401.315,52653.897,35788.767,,3844.217,2460.865
269546,2008-03-31,26.769,921.462,53655.937,36179.147,,4223.173,2557.875
269546,2008-06-30,22.187,751.808,57284.664,39365.275,,7175.455,5684.707
269546,2008-09-30,26.54,1098.538,60082.745,41228.279,,5445.273,4166.205
269546,2008-12-31,32.795,176.805,58208.424,39140.379,,4394.124,3192.144
269546,2008-12-31,433.761,159.25,,,,-2558.289,-4062.235
269546,2009-03-31,147.661,1433.347,57837.934,37744.761,,3614.264,1748.849
269546,2009-06-30,85.353,1437.801,57938.433,36489.409,,3615.074,2412.204
269546,2009-09-30,117.618,1080.003,60293.07,37810.305,,3658.146,2837.12
269546,2009-12-31,60.588,614.66,53176.209,41909.33,,3597.73,2667.486
269546,2009-12-31,60.588,614.66,,,,3597.73,2667.486
269546,2010-03-31,59.597,982.148,52507.801,40454.552,12053.249,3444.564,2537.051
269546,2010-06-30,128.805,459.293,47474.306,36135.525,11338.781,3558.354,2638.865
269546,2010-09-30,79.401,877.95,49171.718,36979.739,12191.979,3578.215,2843.346
269546,2010-12-31,76.768,710.04,50533.832,37733.906,12799.926,3631.88,2506.269
269546,2011-03-31,144.11,961.856,53640.564,39905.886,13734.678,3572.134,2436.467
269546,2011-06-30,183.092,934.732,57301.278,45070.58,12230.698,3697.565,2618.77
269546,2011-09-30,80.647,396.35,54234.82,41815.49,12419.33,3784.79,2524.513
269546,2011-12-31,190.655,614.637,52129.282,39259.777,12869.505,3836.039,2608.86
269546,2012-03-31,154.488,1028.914,55328.867,41540.19,13788.677,3868.858,2852.189
269546,2012-06-30,90.127,1093.837,54267.604,41527.02,12740.584,3997.878,2749.407
269546,2012-09-30,149.054,1390.143,56800.666,43000.051,13800.615,4082.625,2954.373
269546,2012-12-31,150.239,525.814,55909.56,41640.291,14269.269,4055.879,3790.706
269546,2013-03-31,170.923,1054.341,,,,4107.727,2741.921
269546,2013-03-31,379.987,1054.525,58756.787,43804.709,14952.078,4107.727,2741.921
269546,2013-06-30,167.613,1055.198,62598.497,49309.791,13288.706,4069.513,2729.179
269546,2013-06-30,204.193,1055.069,,,,4069.513,2729.179
269546,2013-09-30,126.931,1346.465,61640.113,48958.146,12681.967,4063.0,2799.289
269546,2013-09-30,118.745,1346.607,,,,4063.0,2799.289
269546,2013-12-31,229.565,664.504,62362.421,49234.634,13127.787,4008.529,2968.55
269546,2013-12-31,145.859,664.481,,,,4008.529,2968.55
269546,2014-03-31,106.881,979.569,65044.581,51156.921,13887.66,3989.741,2669.083
269546,2014-06-30,164.789,1196.584,63821.781,51904.484,11917.297,4042.858,2755.029
269546,2014-09-30,254.389,1044.313,67717.196,54938.476,12778.72,4110.398,3002.364
269546,2014-12-31,51.944,471.227,67572.761,54405.133,13167.628,4286.373,3115.232
269546,2015-03-31,184.39,1154.205,71741.982,57657.522,14084.46,4307.04,3045.858
269546,2015-06-30,151.776,464.749,66079.734,54226.611,11853.123,4436.873,2960.503
269546,2015-09-30,195.538,660.773,67524.328,55154.618,12369.71,4373.757,3073.304
269546,2015-12-31,306.279,664.006,105429.009,90250.102,15178.907,4267.201,2776.449
269546,2015-12-31,323.296,664.273,,,,4267.33,2777.335
269546,2016-03-31,309.761,687.799,108295.077,92590.271,15704.806,4316.926,3066.628
269546,2016-03-31,272.0,716.0,,,,4317.0,3066.0
269546,2016-06-30,377.0,333.0,,,,4669.0,3099.0
269546,2016-06-30,369.196,332.514,112945.227,97344.575,15600.652,4668.492,3097.808
269546,2016-09-30,387.342,908.989,112913.923,96646.129,16267.794,4798.839,3606.86
269546,2016-09-30,370.0,909.0,,,,4798.0,3606.0
269546,2016-12-31,543.153,1073.091,125345.0,108218.0,17127.0,4840.743,2960.704
269546,2016-12-31,560.0,1030.0,,,,4841.0,2961.0
269546,2017-03-31,403.0,1259.0,126733.0,108576.0,18157.0,5072.0,3710.0
269546,2017-06-30,432.0,939.0,295262.0,260634.0,34628.0,5275.0,3504.0
269546,2017-09-30,1055.0,1707.0,300245.0,264315.0,35930.0,5502.0,4038.0
269546,2017-12-31,1356.0,1621.0,317405.0,279804.0,37601.0,5505.0,3689.0
222004,2003-12-31,,,64.8735,4.0099,,,
222004,2004-12-31,,,133.2389,83.2705,,,
222004,2004-12-31,,,,,,,
222004,2005-03-31,0.116,2.1755,,,,12.302,14.694
222004,2005-06-30,0.096,6.408,,,,15.561,17.933
222004,2005-09-30,0.786,0.3,,,,22.818,36.144
222004,2005-12-31,0.553,1.161,470.337,385.229,,33.447,19.808
222004,2005-12-31,,,,,,,
222004,2006-03-31,0.545,7.789,,,,19.713,22.91
222004,2006-06-30,0.734,-4.126,676.11,474.958,,72.28,64.239
222004,2006-09-30,2.135,15.147,775.286,544.239,,85.526,65.311
222004,2006-12-31,0.362,2.571,807.896,569.015,,78.391,52.777
222004,2006-12-31,0.362,3.489,,,,78.391,51.859
222004,2007-03-31,1.114,29.231,1338.544,1073.949,,71.797,56.972
222004,2007-03-31,1.114,34.593,,,,71.797,51.611
222004,2007-06-30,2.48,3.466,1729.404,1206.584,,86.478,78.542
222004,2007-09-30,1.596,24.834,1718.17,1184.777,,109.983,82.64
222004,2007-12-31,1.736,-14.68,,,,107.52,107.904
222004,2007-12-31,1.734,-16.89,1708.72,1207.935,,107.52,110.113
222004,2008-03-31,1.84,-3.446,1809.753,1309.025,,205.752,193.126
222004,2008-06-30,1.965,47.959,1878.592,1350.452,,146.201,129.639
222004,2008-09-30,2.434,-19.451,1804.349,1360.678,,126.805,91.901
222004,2008-12-31,1.298,-70.457,1620.886,1264.996,,113.612,117.224
222004,2008-12-31,1.299,-70.456,,,,113.612,117.224
222004,2009-03-31,1.631,22.988,1964.121,1590.835,,139.585,124.034
222004,2009-06-30,1.435,64.04,2092.058,1669.193,,170.599,166.641
222004,2009-06-30,1.435,64.04,,,,170.599,166.641
222004,2009-09-30,0.607,44.95,2116.601,1652.701,,180.131,153.313
222004,2009-09-30,0.607,44.95,,,,180.131,153.313
222004,2009-12-31,1.451,65.176,1972.853,1410.189,,352.33,312.413
222004,2009-12-31,5.126,65.175,,,,352.33,312.413
222004,2010-03-31,0.984,49.797,2344.332,1730.925,613.407,165.09,148.845
222004,2010-06-30,1.078,-20.385,2241.663,1765.207,476.456,204.611,158.06
222004,2010-09-30,0.554,76.533,2294.136,1749.855,544.281,205.62,161.18
222004,2010-12-31,1.065,35.873,2385.99,1798.524,587.466,217.02,232.499
222004,2010-12-31,1.065,23.846,,,,217.02,244.526
222004,2011-03-31,1.331,50.515,2849.472,2223.169,626.303,199.538,160.925
222004,2011-03-31,1.331,47.738,,,,199.538,163.702
222004,2011-06-30,1.037,15.013,2790.288,2283.752,506.536,242.272,192.788
222004,2011-06-30,1.038,11.159,,,,242.272,196.643
222004,2011-09-30,1.602,-102.035,2723.739,2317.402,406.337,232.204,191.311
222004,2011-09-30,1.601,-107.734,,,,232.204,197.009
222004,2011-12-31,1.842,69.521,2799.804,2415.284,384.52,229.464,175.187
222004,2011-12-31,1.842,81.851,,,,229.464,222.41
222004,2012-03-31,2.584,136.779,3383.899,2885.585,498.314,246.779,227.206
222004,2012-06-30,1.927,54.63,3742.033,3210.462,531.571,299.567,250.738
222004,2012-06-30,,,,,,,
222004,2012-09-30,1.761,95.556,3805.258,3195.658,609.6,281.555,236.429
222004,2012-09-30,,,,,,,
222004,2012-12-31,1.538,-40.024,3765.562,3182.411,583.151,279.532,409.758
222004,2012-12-31,1.54,-39.827,,,,279.532,356.017
222004,2013-03-31,5.959,105.594,4644.239,3977.857,666.382,300.427,296.356
222004,2013-03-31,1.3,102.2,,,,300.4,296.4
222004,2013-06-30,1.4,81.7,,,,362.8,291.2
222004,2013-06-30,6.223,84.813,4630.145,4005.222,624.923,362.793,291.2
222004,2013-09-30,7.046,68.853,4687.258,4003.912,683.346,357.854,328.514
222004,2013-09-30,0.7,65.5,,,,357.9,328.5
222004,2013-12-31,-13.657,116.217,4744.083,3966.907,777.176,352.481,272.295
222004,2013-12-31,2.271,126.277,,,,352.455,272.266
222004,2014-03-31,1.3,133.9,5797.5,4922.0,875.5,403.2,371.9
222004,2014-06-30,1.2,162.2,5858.7,4998.4,860.3,460.7,400.1
222004,2014-09-30,1.4,62.9,5872.4,4968.7,903.7,458.0,383.1
222004,2014-12-31,2.075,116.727,5952.728,4961.295,991.433,453.374,310.626
222004,2015-03-31,1.2,185.2,7464.1,6331.1,1133.0,518.0,481.0
222004,2015-03-31,1.4,210.5,,,,518.0,455.8
222004,2015-06-30,0.7,106.5,7514.0,6179.2,1334.8,560.5,479.8
222004,2015-06-30,0.8,118.4,,,,560.5,467.9
222004,2015-09-30,1.2,40.7,,,,562.4,461.6
222004,2015-09-30,1.2,20.0,7537.2,6172.7,1364.5,562.4,482.3
222004,2015-12-31,0.99,224.44,7735.865,6161.473,1574.392,535.053,417.818
222004,2015-12-31,0.99,166.54,,,,535.053,475.718
222004,2016-03-31,10.5,45.2,9037.8,7015.3,2022.5,631.6,610.1
222004,2016-06-30,0.8,254.9,9693.1,7641.8,2051.3,720.4,678.9
222004,2016-09-30,2.4,170.5,9734.4,7549.5,2184.9,692.3,618.9
222004,2016-12-31,2.433,70.495,9847.383,7579.183,2268.2,624.73,632.563
222004,2017-03-31,1.3,107.3,12144.2,9798.6,2345.6,710.2,658.3
222004,2017-06-30,0.8,169.5,13871.4,11554.2,2317.2,757.8,675.7
222004,2017-09-30,2.3,149.1,12362.9,9929.6,2433.3,749.6,646.0
222004,2017-12-31,0.711,136.184,12272.127,9680.864,2591.263,708.259,667.503
245276,2006-12-31,,,1289.3992,1207.5753,,,
245276,2007-12-31,,,1324.7108,1236.7257,,,
245276,2008-12-31,,,1374.8797,1280.9048,,,
245276,2009-12-31,,,1470.3811,1369.2007,,,
245276,2010-12-31,,,1521.6712,1405.3229,116.3483,,
245276,2011-12-31,,,1573.874,1448.8507,125.0233,,
245276,2012-12-31,,,1580.1555,1437.2666,142.8888,,
245276,2012-12-31,,,,,,,
245276,2013-12-31,,,1602.791,1451.1156,151.6754,,
245276,2014-12-31,,,1648.214,1490.9986,157.2155,,
245276,2015-12-31,,,1621.3993,1452.4171,168.9822,,
245276,2016-12-31,,,1625.9163,1446.6152,179.3011,,
326143,2014-12-31,,,457.74,248.354,209.386,,
326143,2015-12-31,,,495.312,279.213,216.099,,
326143,2016-09-30,,,,,,,
326143,2016-12-31,1.253,16.028,511.248,298.432,212.816,45.904,21.149
326143,2017-09-30,,,604.605,385.825,218.78,,
326143,2017-12-31,1.372,11.263,605.953,373.96,231.993,48.286,22.032
317629,2012-01-31,,,4633.8,3696.9,936.9,,
317629,2013-01-31,,,5028.4,3983.3,1045.1,,
317629,2013-04-30,54.75,46.05,,,1045.1,110.95,50.35
317629,2013-07-31,54.75,46.05,,,,110.95,50.35
317629,2013-10-31,,0.0,3965.1,2845.3,1119.8,,
317629,2014-01-31,,0.0,3965.1,2845.3,1119.8,,
317629,2014-04-30,35.45,21.1,2913.9,1750.8,1163.1,101.85,38.75
317629,2014-07-31,52.6,16.4,2913.9,1750.8,1163.1,99.4,38.75
317629,2014-10-31,16.7,35.8,2802.0,1817.9,984.1,143.1,63.55
317629,2015-01-31,,0.0,2802.0,1817.9,984.1,,
317629,2015-04-30,25.05,50.65,2731.4,1707.1,1024.3,127.15,45.2
317629,2015-07-31,25.05,50.65,2731.4,1707.1,1024.3,127.15,45.2
317629,2015-10-31,24.85,37.45,2752.1,1663.9,1088.2,127.9,50.9
317629,2016-01-31,24.85,37.45,2752.1,1663.9,1088.2,127.9,50.9
317629,2016-04-30,23.55,54.95,2795.4,1668.8,1126.6,107.45,13.8
317629,2016-07-31,23.55,54.95,2795.4,1668.8,1126.6,107.45,13.8
317629,2016-10-31,26.9,41.7,2698.8,1503.6,1195.2,97.55,18.05
317629,2017-01-31,26.9,41.7,2698.8,1503.6,1195.2,97.55,18.05
317629,2017-04-30,27.35,51.5,2708.7,1487.7,1221.0,96.4,5.0
317629,2017-07-31,27.35,51.5,2708.7,1487.7,1221.0,96.4,5.0
205699,2001-06-30,,,168029.0,161328.0,,,
205699,2001-12-31,,,163279.0,158084.0,,,
205699,2002-06-30,,,,,,,
205699,2002-12-31,,,159566.0,154891.0,,,
205699,2003-06-30,,,167103.0,161936.0,,,
205699,2003-12-31,,,162478.0,157299.0,,,
205699,2004-06-30,,,162729.0,156699.0,,,
205699,2004-06-30,,,,,,,
205699,2004-12-31,,,165613.0,158705.0,,,
205699,2004-12-31,,,,,,,
205699,2005-06-30,,,173772.0,166019.0,,,
205699,2005-12-31,387.0,403.0,177597.0,169644.0,,4923.0,5511.0
205699,2006-06-30,,,179223.0,171797.0,,,
205699,2006-12-31,,,186950.0,179099.0,,,
205699,2007-03-31,65.0,268.5,201726.0,194242.0,,4310.0,4123.0
205699,2007-06-30,146.5,374.5,201726.0,194242.0,,4881.5,4775.0
205699,2007-06-30,-56.0,268.5,,,,4310.0,4965.5
205699,2007-09-30,67.0,155.5,179757.0,172423.0,,2542.5,2511.0
205699,2007-12-31,,0.0,179757.0,172423.0,,,
205699,2007-12-31,-64.5,155.5,,,,2542.5,2541.5
205699,2008-03-31,194.5,71.0,139836.0,132550.0,,4341.5,4229.5
205699,2008-06-30,194.5,71.0,139836.0,132550.0,,4341.5,4229.5
205699,2008-09-30,234.0,-657.0,134791.0,128139.0,,2415.5,2228.0
205699,2008-12-31,234.0,-657.0,134791.0,128139.0,,2415.5,2228.0
205699,2009-03-31,243.0,88.0,138375.0,131582.0,,3809.5,3723.0
205699,2009-06-30,243.0,88.0,138375.0,131582.0,,3809.5,3723.0
205699,2009-09-30,311.5,125.5,143948.0,136703.0,,2258.0,2219.0
205699,2009-12-31,311.5,125.5,143948.0,136703.0,,2258.0,2219.0
205699,2010-03-31,232.5,181.5,147725.0,140010.0,7715.0,3798.0,3813.5
205699,2010-06-30,232.5,181.5,147725.0,140010.0,7715.0,3798.0,3813.5
205699,2010-06-30,112.5,181.5,,,,3798.0,4194.5
205699,2010-09-30,257.5,116.5,147203.0,139766.0,7437.0,2227.5,2538.5
205699,2010-12-31,257.5,116.5,147203.0,139766.0,7437.0,2227.5,2538.5
205699,2011-03-31,201.5,201.0,150634.0,143104.0,7530.0,3878.0,3833.5
205699,2011-06-30,229.0,201.0,150634.0,143104.0,7530.0,3878.0,3833.5
205699,2011-09-30,157.0,91.5,151875.0,142713.0,9162.0,2069.0,2473.5
205699,2011-12-31,157.0,91.5,151875.0,142713.0,9162.0,2069.0,2473.5
205699,2012-03-31,246.5,238.5,159345.0,149467.0,9878.0,3740.0,3820.5
205699,2012-06-30,168.0,236.0,159345.0,149467.0,9878.0,3740.0,3820.5
205699,2012-06-30,246.5,238.5,,,,3740.0,3820.5
205699,2012-09-30,288.0,-120.0,164461.0,154306.0,10155.0,2350.0,3089.0
205699,2012-09-30,,,,,,,
205699,2012-12-31,371.5,-121.0,163400.0,153114.0,10286.0,2350.0,3089.0
205699,2012-12-31,288.0,-120.0,,,,2350.0,3089.0
205699,2013-03-31,249.5,310.0,165891.0,157103.0,8788.0,3992.5,4142.0
205699,2013-06-30,249.5,310.0,165891.0,157103.0,8788.0,3992.5,4142.0
205699,2013-09-30,367.0,191.0,170530.0,161511.0,9019.0,2631.5,2818.0
205699,2013-12-31,367.0,191.0,170530.0,161511.0,9019.0,2631.5,2818.0
205699,2014-03-31,288.0,299.5,178022.0,167069.0,10953.0,4276.5,4424.5
205699,2014-06-30,288.0,299.5,178022.0,167069.0,10953.0,4276.5,4424.5
205699,2014-09-30,378.5,206.5,192854.0,180023.0,12831.0,2765.5,3184.5
205699,2014-12-31,378.5,206.5,192854.0,180023.0,12831.0,2765.5,3184.5
205699,2015-03-31,1100.0,311.5,186795.0,175027.0,11768.0,4361.0,4611.5
205699,2015-06-30,1100.0,311.5,186795.0,175027.0,11768.0,4361.0,4611.5
205699,2015-09-30,-547.5,272.5,189252.0,176994.0,12258.0,2662.5,3146.5
205699,2015-12-31,286.0,272.5,189252.0,176994.0,12258.0,2662.5,3146.5
205699,2016-03-31,541.5,321.5,202989.0,188593.0,14396.0,4185.5,4546.5
205699,2016-06-30,541.5,321.5,202989.0,188593.0,14396.0,4185.5,4546.5
205699,2016-09-30,-22.5,286.0,199731.0,185992.0,13739.0,2568.5,2485.5
205699,2016-12-31,-79.5,286.0,199731.0,185992.0,13739.0,2568.5,2485.5
205699,2017-03-31,478.5,338.0,202774.0,188793.0,13981.0,3832.0,3979.0
205699,2017-06-30,478.5,338.0,202774.0,188793.0,13981.0,3832.0,3979.0
205699,2017-09-30,52.5,322.5,212800.0,197217.0,15583.0,2720.0,2615.5
205699,2017-12-31,52.5,322.5,212800.0,197217.0,15583.0,2720.0,2615.5
269809,2001-12-31,,,40316.418,37931.667,,,
269809,2002-12-31,,,41877.258,39301.579,,,
269809,2002-12-31,,,,,,,
269809,2003-12-31,,,43283.552,39625.752,,,
269809,2004-12-31,,,54818.469,50121.508,,,
269809,2004-12-31,,,,,,,
269809,2005-12-31,,,61724.76,56747.251,,,
269809,2005-12-31,,,,,,,
269809,2006-12-31,,,,,,,
269809,2006-12-31,,,92925.995,87418.031,,,
269809,2007-12-31,,,95378.0,89217.0,,,
269809,2008-12-31,,,96045.0,90327.0,,,
269809,2008-12-31,,,,,,,
269809,2009-12-31,,,103004.0,95812.0,,,
269809,2009-12-31,,,,,,,
269809,2010-12-31,,,111368.0,103377.0,7991.0,,
269809,2010-12-31,,,,,,,
269809,2011-03-31,9.0,174.5,,,7980.0,4695.0,4179.0
269809,2011-06-30,4.0,245.0,,,,4743.0,4096.0
269809,2011-06-30,67.5,171.5,,,,4695.0,4180.0
269809,2011-09-30,6.0,248.0,,,,4826.0,3902.0
269809,2011-12-31,101.0,483.0,115268.0,106562.0,8706.0,5240.0,4485.0
269809,2011-12-31,,,,,,,
269809,2012-03-31,14.0,497.0,,,8691.0,4965.0,4110.0
269809,2012-06-30,16.0,260.0,124590.0,114871.0,9719.0,5329.0,4546.0
269809,2012-06-30,16.0,265.0,,,,5329.0,4547.0
269809,2012-09-30,9.0,411.0,128559.0,117932.0,10627.0,5556.0,4665.0
269809,2012-09-30,9.0,412.0,,,,5557.0,4665.0
269809,2012-12-31,6.0,402.0,130254.0,118611.0,11643.0,6148.0,5021.0
269809,2012-12-31,431.0,389.0,,,,6148.0,5034.0
269809,2013-03-31,13.0,466.0,134611.0,123015.0,11596.0,5715.0,4661.0
269809,2013-03-31,18.0,477.0,,,,5714.0,4654.0
269809,2013-06-30,14.0,448.0,132663.0,122015.0,10648.0,5783.0,4714.0
269809,2013-06-30,,,,,,,
269809,2013-09-30,14.0,293.0,133119.0,122217.0,10902.0,5605.0,4808.0
269809,2013-09-30,172.0,293.0,,,,5605.0,4808.0
269809,2013-12-31,503.8,371.0,132863.0,121652.0,11211.0,6010.0,5032.0
269809,2013-12-31,133.0,339.0,,,,6010.0,5064.0
269809,2014-03-31,122.0,461.0,136760.0,125019.0,11741.0,5599.0,4786.0
269809,2014-03-31,135.0,506.0,,,,5599.0,4741.0
269809,2014-06-30,-53.0,410.0,139699.0,127774.0,11925.0,5709.0,4545.0
269809,2014-09-30,286.0,395.0,144845.0,132283.0,12562.0,5823.0,4963.0
269809,2014-12-31,192.0,398.0,147298.0,134398.0,12900.0,6713.0,5775.0
269809,2015-03-31,119.0,597.0,160500.0,146363.0,14137.0,6367.0,5349.0
269809,2015-06-30,-23.0,327.0,154901.0,141960.0,12941.0,6384.0,5283.0
269809,2015-09-30,305.793,455.0,152886.0,139838.0,13048.0,6495.0,5433.0
269809,2015-12-31,199.007,642.0,152760.0,139329.0,13431.0,6691.0,5381.0
269809,2016-03-31,222.0,536.0,154779.0,140953.0,13826.0,6266.0,5234.0
269809,2016-06-30,408.0,455.0,157948.0,143977.0,13971.0,6544.0,5336.0
269809,2016-06-30,411.0,458.0,,,,6544.0,5336.0
269809,2016-09-30,361.0,548.0,159272.0,144740.0,14532.0,6324.0,5185.0
269809,2016-09-30,360.0,547.0,,,,6324.0,5191.0
269809,2016-12-31,877.2,614.0,156571.0,141883.0,14688.0,6608.0,5442.0
269809,2016-12-31,855.0,619.0,,,,6602.0,5439.0
269809,2017-03-31,353.0,540.0,160061.0,144929.0,15132.0,6692.0,5480.0
269809,2017-06-30,939.0,511.0,157702.0,143344.0,14358.0,6748.0,5575.0
269809,2017-09-30,255.0,-58.0,157569.0,143650.0,13919.0,6844.0,6324.0
269809,2017-12-31,995.5,665.0,158386.0,144140.0,14246.0,7134.0,5889.0
325855,2015-12-31,,,9.249,5.835,3.4143,,
325855,2016-03-31,,1.2088,,,3.4143,,
325855,2016-06-30,,1.2088,,,,,
325855,2016-09-30,,0.9524,,,,,
325855,2016-12-31,,0.2309,6.8421,3.348,3.4946,,
325855,2017-03-31,,1.0017,8.1984,2.977,5.2213,,
325855,2017-06-30,,1.0017,8.1984,2.977,5.2213,,
325855,2017-09-30,,0.7537,8.9188,3.062,5.8564,,
325855,2017-12-31,,1.3381,12.6489,8.662,3.9864,,
274282,2002-06-30,,,27678.0,23200.0,,,
274282,2002-12-31,,,29833.0,25555.0,,,
274282,2003-06-30,,,32175.0,27676.0,,,
274282,2003-12-31,,,31359.0,25995.0,,,
274282,2004-03-31,-74.0,285.0,34240.0,28651.0,,3638.0,2792.0
274282,2004-03-31,-113.0,318.0,,,,3381.0,2554.0
274282,2004-06-30,-27.0,471.0,34401.0,28498.0,,3680.0,2397.0
274282,2004-06-30,-77.0,521.0,,,,3435.0,2309.0
274282,2004-09-30,-26.0,612.0,34731.0,28375.0,,3707.0,2536.0
274282,2004-09-30,-53.0,664.0,,,,3429.0,2334.0
274282,2004-12-31,-37.0,579.0,33553.0,27436.0,,3651.0,2664.0
274282,2004-12-31,-86.0,549.0,,,,3537.0,2663.0
274282,2005-03-31,-98.0,513.0,40850.0,33709.0,,3565.0,2644.0
274282,2005-06-30,-90.0,714.0,40275.0,33260.0,,3740.0,2483.0
274282,2005-09-30,-103.0,1008.0,40800.0,33052.0,,3781.0,2507.0
274282,2005-12-31,-119.0,678.0,40811.0,32596.0,,3814.0,2784.0
274282,2006-03-31,1.0,700.0,43074.0,35810.0,,3736.0,2795.0
274282,2006-06-30,-5.0,651.0,42208.0,34248.0,,3817.0,2478.0
274282,2006-09-30,-5.0,1110.0,41097.0,32222.0,,3894.0,2588.0
274282,2006-12-31,-16.0,1248.0,42783.0,32832.0,,3846.0,2673.0
274282,2007-03-31,0.0,683.0,44480.0,36288.0,,3844.0,3077.0
274282,2007-03-31,-2.0,683.0,,,,3844.0,3077.0
274282,2007-06-30,0.0,1062.0,43390.0,34255.0,,3919.0,2966.0
274282,2007-06-30,-5.0,1062.0,,,,3919.0,2966.0
274282,2007-09-30,0.0,726.0,43178.0,33486.0,,4060.0,3077.0
274282,2007-09-30,-5.0,726.0,,,,4060.0,3077.0
274282,2007-12-31,,0.0,43830.0,33820.0,,,
274282,2007-12-31,,,,,,,
274282,2008-03-31,0.0,261.0,44409.0,34352.0,,4089.0,3224.0
274282,2008-03-31,-11.0,261.0,,,,4089.0,3224.0
274282,2008-06-30,0.0,540.0,42854.0,34008.0,,4168.0,3266.0
274282,2008-06-30,,,,,,,
274282,2008-09-30,0.0,198.0,42079.0,33456.0,,4249.0,3546.0
274282,2008-09-30,,,,,,,
274282,2008-12-31,29.0,348.0,38445.0,30201.0,,4129.0,3211.0
274282,2009-03-31,31.0,460.0,44131.0,35875.0,,4037.0,3208.0
274282,2009-06-30,-13.0,861.0,45133.0,36511.0,,4608.0,4232.0
274282,2009-09-30,32.0,717.0,45996.0,36747.0,,4434.0,2781.0
274282,2009-12-31,,564.0,44740.0,35074.0,,4716.0,4362.0
274282,2010-03-31,84.0,-113.0,48662.0,39200.0,9462.0,4415.0,4239.0
274282,2010-06-30,23.0,173.0,48530.0,40086.0,8444.0,4680.0,3659.0
274282,2010-09-30,26.0,369.0,48889.0,40478.0,8411.0,4656.0,4019.0
274282,2010-12-31,24.0,512.0,50591.0,42133.0,8458.0,4799.0,3932.0
274282,2011-03-31,32.0,361.0,52648.0,43932.0,8716.0,4850.0,4078.0
274282,2011-06-30,30.0,487.0,50741.0,41940.0,8801.0,4945.0,3889.0
274282,2011-09-30,28.0,274.0,52146.0,43360.0,8786.0,4968.0,3884.0
274282,2011-12-31,,0.0,53221.0,44214.0,9007.0,,
274282,2012-03-31,28.0,721.0,57214.0,47643.0,9571.0,4908.0,3917.0
274282,2012-06-30,23.0,708.0,56413.0,46803.0,9610.0,4978.0,3475.0
274282,2012-09-30,-96.0,950.0,56645.0,46280.0,10365.0,5352.0,3690.0
274282,2012-12-31,34.0,638.0,54313.0,43334.0,10979.0,4866.0,3533.0
274282,2013-03-31,30.0,759.0,57801.0,46137.0,11664.0,4745.0,3629.0
274282,2013-06-30,33.0,688.0,54976.0,44652.0,10324.0,4755.0,3463.0
274282,2013-09-30,-63.0,907.0,54070.0,43216.0,10854.0,4687.0,3345.0
274282,2013-12-31,-12.0,639.0,53371.0,42264.0,11107.0,4473.0,3369.0
274282,2014-03-31,22.0,602.0,54139.0,42659.0,11480.0,4355.0,3275.0
274282,2014-06-30,,0.0,53326.0,42801.0,10525.0,,
274282,2014-09-30,-40.0,782.0,53979.0,43263.0,10716.0,4499.0,3145.0
274282,2014-12-31,24.0,768.0,52224.0,41105.0,11119.0,4473.0,2713.0
274282,2015-03-31,-98.0,665.0,53394.0,43823.0,9571.0,4227.0,3140.0
274282,2015-06-30,120.0,714.0,53129.0,43093.0,10036.0,4332.0,2857.0
274282,2015-09-30,18.0,244.0,52520.0,43285.0,9235.0,4325.0,3041.0
274282,2015-09-30,-37.0,186.0,,,,4325.0,2970.0
274282,2015-12-31,59.0,704.0,51281.0,41450.0,9831.0,4163.0,2862.0
274282,2015-12-31,135.0,745.0,,,,4163.0,3057.0
274282,2016-03-31,-101.0,563.0,54092.0,44981.0,9111.0,4130.0,2949.0
274282,2016-06-30,1.0,934.0,51967.0,42433.0,9534.0,4193.0,2800.0
274282,2016-09-30,,0.0,51656.0,42488.0,9168.0,,
274282,2016-12-31,162.0,800.0,49861.0,40424.0,9437.0,4173.0,3123.0
274282,2017-03-31,6.0,779.0,49377.0,41267.0,8110.0,4259.0,3079.0
274282,2017-06-30,53.0,915.0,47916.0,39553.0,8363.0,4224.0,2808.0
274282,2017-09-30,62.0,860.0,47726.0,39122.0,8604.0,4321.0,2939.0
274282,2017-12-31,4.0,685.0,51367.0,38751.0,12616.0,4170.0,2989.0
211471,2001-06-30,,,,,,,
211471,2001-12-31,,,7616.665,7255.048,,,
211471,2002-06-30,,,,,,,
211471,2002-12-31,,,7666.0,7387.0,,,
211471,2003-06-30,,,,,,,
211471,2004-06-30,,,,,,,
211471,2004-12-31,,,8823.0,8494.0,,,
211471,2005-06-30,,,,,,,
211471,2006-12-31,,,8035.187,7591.982,,,
211471,2006-12-31,,,,,,,
211471,2007-12-31,,,8964.375,8433.829,,,
211471,2008-03-31,4.751,69.9925,,,,370.524,262.841
211471,2008-06-30,4.751,69.9925,,,,370.524,262.841
211471,2008-09-30,345.489,16.567,8752.952,8114.265,,507.3575,284.226
211471,2008-12-31,345.489,16.567,8752.952,8114.265,,507.3575,284.226
211471,2009-03-31,95.0845,35.46,8715.769,8024.825,,263.889,82.83
211471,2009-06-30,95.0845,35.46,8715.769,8024.825,,263.889,82.83
211471,2009-09-30,-94.819,45.013,10203.006,9442.456,,626.32,666.8045
211471,2009-12-31,-94.819,45.013,10203.006,9442.456,,626.32,666.8045
211471,2010-03-31,-90.79,35.836,10636.383,9822.891,813.492,880.452,824.878
211471,2010-06-30,-55.9155,35.836,10636.383,9822.891,813.492,880.452,824.8775
211471,2010-09-30,82.774,41.556,11216.661,10321.52,895.141,606.065,540.732
211471,2010-12-31,82.774,41.556,,,,606.065,540.732
211471,2010-12-31,91.168,46.6555,11218.942,10321.52,897.422,606.065,540.7315
211471,2011-03-31,51.708,35.793,11196.179,10255.809,940.37,397.0195,379.2285
211471,2011-06-30,-11.9225,37.76,11196.179,10255.809,940.37,397.0195,379.228
211471,2011-06-30,51.708,35.793,,,,397.0195,379.2285
211471,2011-09-30,-82.8205,37.2495,11121.91,10113.738,1008.172,527.4145,401.8265
211471,2011-09-30,,,,,,,
211471,2011-12-31,-19.19,35.2825,11121.91,10113.738,1008.172,527.4145,401.827
211471,2011-12-31,-82.8205,37.2495,,,,527.4145,401.8265
211471,2012-03-31,0.2375,39.304,11201.312,10164.229,1037.083,337.9245,374.294
211471,2012-06-30,0.2375,39.304,11201.312,10164.229,1037.083,337.9245,374.294
211471,2012-09-30,-232.8015,36.86,11626.607,10490.94,1135.667,401.7165,420.049
211471,2012-12-31,-232.8015,36.86,11626.607,10490.94,1135.667,401.7165,420.049
211471,2013-03-31,77.863,38.393,11629.324,10437.705,1191.619,370.126,365.085
211471,2013-06-30,77.863,38.393,11629.324,10437.705,1191.619,370.126,365.085
211471,2013-09-30,-77.2165,38.0295,11484.932,10191.155,1293.777,322.0155,233.957
211471,2013-12-31,-94.2125,38.0295,11482.291,10188.514,1293.777,322.0155,233.957
211471,2014-03-31,41.5015,48.9175,11557.674,10198.575,1359.099,274.2965,267.2415
211471,2014-06-30,41.5015,48.9175,11557.674,10198.575,1359.099,274.2965,267.2415
211471,2014-09-30,0.3545,42.5475,7423.626,5959.511,1464.115,319.4555,302.674
211471,2014-12-31,-40.844,42.5475,7423.626,5959.511,1464.115,319.4555,302.674
211471,2015-03-31,89.6835,53.501,7469.916,6029.278,1440.638,249.852,207.9605
211471,2015-06-30,89.6835,53.501,7469.916,6029.278,1440.638,249.852,207.9605
211471,2015-09-30,0.299,22.2585,7615.508,6076.391,1539.117,282.0615,230.7475
211471,2015-12-31,0.299,22.2585,7615.508,6076.391,1539.117,282.0615,230.7475
211471,2016-03-31,42.7985,34.984,7689.88,6165.268,1524.612,237.9695,198.5335
211471,2016-06-30,42.7985,34.984,7689.88,6165.268,1524.612,237.9695,198.5335
211471,2016-09-30,0.6225,39.7875,7774.941,6132.059,1642.882,280.601,222.6045
211471,2016-12-31,0.6225,39.7875,7774.941,6132.059,1642.882,280.601,222.6045
211471,2017-03-31,38.537,32.3935,7863.325,6205.501,1657.824,236.5605,187.952
211471,2017-06-30,38.537,32.3935,7863.325,6205.501,1657.824,236.5605,187.952
200731,1999-06-30,,,,,,,
200731,1999-12-31,,,130857.603,124576.255,,,
200731,2000-06-30,,,,,,,
200731,2000-12-31,,,138637.148,132457.362,,,
200731,2001-06-30,,,,,,,
200731,2002-06-30,,,,,,,
200731,2002-12-31,,,11177.647,10767.1,,,
200731,2003-06-30,,,,,,,
200731,2003-12-31,,,12579.517,12246.106,,,
200731,2004-03-31,,,,,,,
200731,2004-06-30,,,,,,,
200731,2004-06-30,,,,,,,
200731,2004-09-30,,,,,,,
200731,2004-09-30,,36.72,,,,,
200731,2005-03-31,,44.2,,,,,
200731,2005-06-30,,,,,,,
200731,2005-09-30,,61.8,17790.0,16686.0,,,
200731,2005-12-31,,53.336,19441.446,17382.114,,,
200731,2006-03-31,17.074,72.91,20230.282,18117.323,,1247.363,1048.974
200731,2006-06-30,16.054,70.436,20942.412,18887.114,,1163.986,996.432
200731,2006-06-30,-293.33,70.44,,,,1163.99,996.43
200731,2006-09-30,,,,,,,
200731,2006-09-30,10.886,87.377,21631.113,19498.485,,1175.483,954.516
200731,2006-12-31,547.759,90.244,22483.454,20200.246,,1451.846,1213.398
200731,2007-03-31,9.81,100.729,25017.864,22590.901,,1464.347,1184.745
200731,2007-03-31,-64.788,100.729,,,,1464.347,1184.745
200731,2007-06-30,-32.373,114.67,25154.842,22831.309,,1364.761,1235.842
200731,2007-06-30,-32.373,114.67,,,,1364.761,1235.842
200731,2007-09-30,11.146,108.811,25420.754,23012.025,,1391.199,1146.84
200731,2007-09-30,,,,,,,
200731,2007-12-31,69.772,113.086,26745.073,24129.51,,1721.386,1464.08
200731,2008-03-31,-34.16,124.845,27487.811,24809.067,,1736.808,1359.109
200731,2008-03-31,-452.416,124.845,,,,1736.808,1359.109
200731,2008-06-30,-5.623,163.497,25449.154,21364.206,,1734.488,1553.249
200731,2008-06-30,-52.549,163.497,,,,1734.488,1553.249
200731,2008-09-30,14.595,118.433,33073.572,28972.526,,1697.779,1338.995
200731,2008-09-30,,,,,,,
200731,2008-12-31,-32.889,134.022,33665.12,29526.33,,1792.53,1356.004
200731,2009-03-31,41.309,120.82,33935.566,29759.872,,1798.249,1473.062
200731,2009-06-30,70.534,109.433,35058.957,30570.121,,1814.55,1489.838
200731,2009-09-30,25.415,110.248,36304.431,31621.532,,1761.491,1451.109
200731,2009-12-31,31.991,100.745,36272.265,31643.692,,1867.989,1463.149
200731,2010-03-31,32.623,133.435,37785.245,32932.895,4852.35,2047.165,1727.844
200731,2010-06-30,58.903,122.184,38114.491,33240.305,4874.186,1953.1,1688.71
200731,2010-09-30,24.583,122.127,38998.97,34081.205,4917.765,1919.126,1588.286
200731,2010-12-31,-40.044,130.043,39472.916,34443.269,5029.647,1940.975,1536.508
200731,2010-12-31,-17.257,130.043,,,,1940.975,1536.508
200731,2011-03-31,27.334,142.79,40022.001,34929.001,5093.0,2078.817,1679.683
200731,2011-06-30,26.825,139.379,40292.584,35194.309,5098.275,1991.688,1668.986
200731,2011-09-30,30.698,131.93,39962.489,34908.844,5053.645,2006.464,1646.862
200731,2011-12-31,16.212,144.909,39769.651,34720.008,5049.643,2045.848,1540.434
200731,2012-03-31,30.856,151.424,40474.026,35202.819,5271.207,2230.844,1837.836
200731,2012-06-30,36.368,150.27,40729.548,35515.414,5214.134,2425.571,2105.593
200731,2012-06-30,36.368,150.624,,,,2425.571,2105.756
200731,2012-09-30,37.033,141.691,,,,2088.075,1765.421
200731,2012-09-30,37.033,141.513,41774.853,36241.666,5533.187,2088.075,1765.341
200731,2012-12-31,-4.496,144.2,42336.385,36584.518,5751.867,2252.32,1881.585
200731,2012-12-31,-4.496,119.964,,,,2227.76,1881.667
200731,2013-03-31,48.597,159.364,41996.044,36463.606,5532.438,2198.86,1819.734
200731,2013-06-30,11.184,46.328,41609.218,36368.024,5241.194,2208.979,1914.955
200731,2013-09-30,7.012,110.228,41754.582,36611.257,5143.325,1956.5,1661.025
200731,2013-12-31,109.499,39.217,41976.891,36956.796,5020.095,2114.712,1814.838
200731,2013-12-31,54.514,39.227,,,,2114.712,1814.838
200731,2014-03-31,41.15,151.846,42422.752,37215.365,5207.387,2212.551,1833.797
200731,2014-03-31,15.009,154.363,,,,2212.551,1833.797
200731,2014-06-30,16.21,146.732,,,,2108.971,1768.836
200731,2014-06-30,13.85,139.005,43173.043,37921.814,5251.229,2108.971,1768.836
200731,2014-09-30,12.177,139.959,44264.902,38812.406,5452.496,2005.205,1694.77
200731,2014-09-30,14.537,139.422,,,,2005.205,1694.77
200731,2014-12-31,51.627,87.556,44425.087,39141.66,5283.427,2027.015,1622.53
200731,2014-12-31,86.6,77.849,,,,2027.015,1622.53
200731,2015-03-31,16.048,130.928,46633.221,41153.584,5479.637,2210.619,1729.82
200731,2015-03-31,5.136,120.034,,,,2210.619,1729.82
200731,2015-06-30,18.44,119.548,45281.002,40123.615,5157.387,1998.235,1622.779
200731,2015-06-30,158.057,124.068,,,,1998.235,1622.779
200731,2015-09-30,16.773,-75.158,44840.383,39749.102,5091.281,1938.444,1668.58
200731,2015-09-30,7.776,-84.131,,,,1938.444,1668.58
200731,2015-12-31,98.472,-112.914,,,,2033.237,1727.695
200731,2015-12-31,140.674,-3.22,45147.981,40090.178,5057.803,2033.237,1727.695
200731,2016-03-31,21.546,101.459,46400.839,41153.687,5247.152,2137.832,1750.554
200731,2016-03-31,9.653,89.584,,,,2137.832,1750.554
200731,2016-06-30,35.218,111.706,45773.876,41108.624,4665.252,2053.78,1716.485
200731,2016-06-30,35.218,111.706,,,,2053.78,1716.485
200731,2016-09-30,10.48,100.034,50202.79,44318.513,5884.277,1967.284,1624.42
200731,2016-09-30,,,,,,,
200731,2016-12-31,48.355,105.41,50008.108,44296.851,5711.257,2032.36,1661.99
200731,2017-03-31,11.819,109.62,50486.316,44702.52,5783.796,2152.854,1741.419
200731,2017-06-30,10.918,110.923,51151.306,45375.599,5775.707,2066.192,1653.304
200731,2017-09-30,29.498,110.689,51612.712,45730.85,5881.862,2106.721,1773.099
200731,2017-12-31,,111.3,51714.0,45670.0,6044.0,2183.8,1704.8
231496,2000-06-30,,,,,,,
231496,2000-12-31,,,52220.317,50271.373,,,
231496,2001-06-30,,,,,,,
231496,2001-12-31,,,53141.041,51317.167,,,
231496,2003-06-30,,,54413.466,52714.069,,,
231496,2003-12-31,,,54501.555,52800.317,,,
231496,2004-03-31,13.162,60.333,55501.855,53764.916,,723.894,546.922
231496,2004-03-31,39.244,52.01,,,,732.772,616.342
231496,2004-06-30,,29.621,55191.239,53408.151,,,
231496,2004-09-30,,24.865,55556.964,53803.644,,,
231496,2004-12-31,,33.266,54730.792,52994.573,,,
231496,2005-03-31,74.263,51.501,56609.185,54020.941,,705.582,963.666
231496,2005-06-30,76.83,42.206,56656.077,54317.697,,702.126,356.522
231496,2005-09-30,38.989,45.448,56050.869,53690.374,,678.601,661.049
231496,2005-12-31,213.515,111.557,70959.156,68400.524,,856.089,818.913
231496,2006-03-31,47.772,78.888,71671.342,69073.614,,1052.229,1048.583
231496,2006-06-30,82.753,-20.773,71343.877,68942.926,,1006.434,981.292
231496,2006-09-30,59.178,-4.295,71096.415,68685.65,,1055.905,1067.931
231496,2006-12-31,84.14,-28.113,70114.289,67681.034,,851.377,815.143
231496,2007-03-31,311.781,54.719,69893.055,67522.18,,985.717,989.0
231496,2007-03-31,-1.654,55.106,,,,985.717,989.0
231496,2007-06-30,-166.874,152.073,68932.767,66513.113,,939.164,1037.952
231496,2007-06-30,-2.032,152.374,,,,939.164,1037.952
231496,2007-09-30,32.363,-9.99,,,,940.354,942.859
231496,2007-09-30,-137.812,-8.157,68824.602,66393.536,,940.354,942.859
231496,2007-12-31,109.775,38.888,68131.376,65637.815,,970.409,851.719
231496,2007-12-31,345.894,40.033,,,,970.409,851.719
231496,2008-03-31,0.298,41.056,67593.718,65078.198,,929.99,559.03
231496,2008-06-30,5.279,80.304,67264.57,64826.021,,900.785,801.287
231496,2008-06-30,125.628,82.332,,,,900.785,801.287
231496,2008-09-30,69.29,-34.576,66309.926,63877.822,,910.883,745.971
231496,2008-09-30,208.882,-33.706,,,,910.883,745.971
231496,2008-12-31,64.874,11.364,64462.388,62113.967,,942.713,685.633
231496,2008-12-31,70.904,10.65,,,,942.713,685.633
231496,2009-03-31,-4.765,78.022,65277.312,62958.232,,908.16,670.935
231496,2009-03-31,47.567,78.212,,,,908.16,670.935
231496,2009-06-30,97.59,110.211,67925.339,65552.082,,913.323,1013.745
231496,2009-06-30,58.688,110.021,,,,913.323,1013.745
231496,2009-09-30,99.717,34.87,71203.838,68557.902,,952.538,1020.253
231496,2009-09-30,,,,,,,
231496,2009-12-31,87.023,68.853,69538.664,66891.34,,993.474,1022.932
231496,2009-12-31,981.946,69.291,,,,993.474,1023.262
231496,2010-03-31,50.346,79.34,71039.708,68261.227,2778.481,950.512,985.058
231496,2010-06-30,54.912,76.89,71775.252,69011.961,2763.291,944.477,954.44
231496,2010-09-30,76.121,10.298,76652.582,73704.639,2947.943,973.419,1064.655
231496,2010-12-31,1858.02,48.107,,,,913.55,938.123
231496,2010-12-31,722.316,59.973,75987.959,73143.693,2844.266,913.55,939.689
231496,2011-03-31,58.222,80.674,75913.526,73120.435,2793.091,921.038,956.319
231496,2011-03-31,58.222,74.852,,,,921.038,959.629
231496,2011-06-30,114.82,36.709,75883.862,73019.147,2864.715,894.208,815.176
231496,2011-06-30,402.499,23.725,,,,894.208,820.237
231496,2011-09-30,72.399,27.698,76043.3,73054.678,2988.622,917.444,693.892
231496,2011-09-30,57.948,30.68,,,,917.444,689.334
231496,2011-12-31,2126.682,47.11,75359.329,72390.325,2969.004,1017.823,996.771
231496,2011-12-31,4326.214,63.515,,,,1017.823,992.958
231496,2012-03-31,59.878,98.648,76343.355,73162.202,3181.153,959.416,1105.313
231496,2012-03-31,137.644,98.542,,,,959.416,1105.399
231496,2012-06-30,307.544,49.595,,,,980.414,926.679
231496,2012-06-30,451.968,59.118,76662.099,73523.487,3138.612,980.414,926.795
231496,2012-09-30,85.829,74.165,76741.481,73344.18,3397.301,940.465,986.414
231496,2012-09-30,64.238,70.141,,,,940.465,986.343
231496,2012-12-31,4180.601,60.011,77192.912,73779.538,3413.374,1029.212,1098.739
231496,2012-12-31,922.423,72.372,,,,1029.212,1098.622
231496,2013-03-31,208.34,56.888,77348.806,74033.675,3315.131,970.617,1195.204
231496,2013-06-30,197.56,125.83,75441.611,72197.309,3244.302,968.692,1057.98
231496,2013-09-30,160.92,-45.788,75424.093,72193.847,3230.246,929.183,1055.897
231496,2013-12-31,147.117,47.652,75042.514,71789.496,3253.018,971.875,955.018
231496,2014-03-31,145.999,74.187,76342.691,72888.402,3454.289,956.815,1045.867
231496,2014-06-30,182.61,119.905,77664.238,74201.72,3462.518,945.897,1063.006
231496,2014-09-30,130.273,79.173,78034.883,74379.3,3655.583,944.334,1026.655
231496,2014-12-31,202.378,9.739,78536.059,74861.839,3674.22,1092.32,1291.376
231496,2015-03-31,110.133,88.701,80204.356,76283.355,3921.001,949.669,1239.67
231496,2015-06-30,156.981,95.378,77215.319,73598.497,3616.822,950.929,916.371
231496,2015-09-30,90.789,66.921,76669.254,72951.854,3717.4,962.77,906.619
231496,2015-12-31,180.146,72.624,74086.581,70442.839,3643.742,1119.496,1221.519
231496,2016-03-31,218.909,93.676,75586.916,71718.726,3868.19,995.661,956.973
231496,2016-06-30,127.388,86.897,75038.816,71246.232,3792.584,1001.894,1041.091
231496,2016-09-30,86.773,89.422,74467.28,70533.775,3933.505,935.646,1040.808
231496,2016-12-31,83.759,21.578,72275.638,68464.048,3811.59,999.631,1041.266
231496,2017-03-31,68.782,97.638,71976.105,68151.049,3825.056,946.513,1197.103
231496,2017-06-30,92.671,116.542,72182.21,68335.453,3846.757,962.259,919.874
231496,2017-09-30,124.984,45.377,72575.996,68642.197,3933.799,931.858,956.271
220426,1997-12-31,,,193033.0,170825.0,,,
220426,1998-12-31,,,214651.0,191140.0,,,
220426,1998-12-31,,,,,,,
220426,1999-03-31,725.0,1259.0,,,,6207.0,5347.0
220426,1999-06-30,725.0,1259.0,,,,6207.0,5347.0
220426,1999-09-30,637.0,1329.5,226032.0,202710.0,,6211.0,5379.0
220426,1999-12-31,637.0,1329.5,221178.0,197395.0,,6211.0,5379.0
220426,1999-12-31,,,,,,,
220426,2000-03-31,675.0,946.5,217947.0,194934.0,,6284.5,5028.5
220426,2000-03-31,-561.5,946.5,,,,6284.5,5431.0
220426,2000-06-30,677.0,930.5,217947.0,194934.0,,6284.5,5028.5
220426,2000-06-30,675.0,946.5,,,,6284.5,5028.5
220426,2000-09-30,1412.0,629.0,231352.0,208066.0,,6095.5,5068.5
220426,2000-09-30,-877.5,629.0,,,,6095.5,5178.0
220426,2000-12-31,1412.0,629.0,,,,6095.5,5068.5
220426,2000-12-31,618.5,654.0,231363.0,208075.0,,6095.5,5068.5
220426,2001-03-31,1040.0,669.0,225407.0,203647.0,,6619.5,5457.0
220426,2001-06-30,1040.0,669.0,225407.0,203647.0,,6619.5,5457.0
220426,2001-09-30,1840.5,-776.5,231605.0,210885.0,,7005.5,7176.0
220426,2001-09-30,1840.5,-776.5,,,,7005.5,7283.0
220426,2001-12-31,1552.5,-776.5,231605.0,210885.0,,7005.5,6784.0
220426,2001-12-31,1840.5,-776.5,,,,7005.5,7283.0
220426,2002-03-31,890.0,-914.0,275703.0,258295.0,,7575.0,7344.5
220426,2002-06-30,890.0,-914.0,275703.0,258295.0,,7575.0,7344.5
220426,2002-09-30,181.0,-837.5,,,,8098.5,7154.5
220426,2002-09-30,920.5,-837.5,285918.0,267936.0,,8098.5,6819.0
220426,2002-12-31,960.0,-874.5,285856.0,267844.0,,8108.5,7017.0
220426,2002-12-31,920.5,-837.5,,,,8098.5,6819.0
220426,2003-03-31,1821.0,134.0,,,,9685.0,8251.0
220426,2003-06-30,-5.0,1377.0,309725.0,290246.0,,10116.0,9012.0
220426,2003-06-30,4446.0,1377.0,,,,10116.0,9286.0
220426,2003-09-30,-3497.0,981.0,,,,9166.0,8065.0
220426,2003-12-31,915.0,1119.0,317876.0,297523.0,,10630.0,8845.0
220426,2003-12-31,,,,,,,
220426,2004-03-31,489.0,702.0,319800.0,298738.0,,10564.0,8612.0
220426,2004-03-31,842.0,996.0,,,,10515.0,8704.0
220426,2004-06-30,6161.0,1539.0,316344.0,296531.0,,10083.0,8395.0
220426,2004-06-30,913.0,1305.0,,,,10097.0,8059.0
220426,2004-09-30,-4037.0,614.0,323457.0,302353.0,,10189.0,8611.0
220426,2004-09-30,860.0,531.0,,,,10191.0,8867.0
220426,2004-12-31,1170.0,931.0,346083.0,323056.0,,10968.0,9891.0
220426,2004-12-31,2362.0,836.0,,,,10987.0,9488.0
220426,2005-03-31,835.0,1293.0,341523.0,319807.0,,10331.0,8175.0
220426,2005-03-31,835.0,1293.0,,,,10331.0,8175.0
220426,2005-06-30,864.0,1750.0,340432.0,317711.0,,10359.0,8586.0
220426,2005-06-30,971.0,1750.0,,,,10359.0,8586.0
220426,2005-09-30,897.0,902.0,341127.0,318208.0,,10037.0,8477.0
220426,2005-09-30,897.0,902.0,,,,9693.0,8133.0
220426,2005-12-31,2229.0,1521.0,339612.0,316372.0,,9730.0,8237.0
220426,2005-12-31,1192.0,2423.0,,,,19767.0,25912.0
220426,2006-03-31,870.0,1482.0,343826.0,320955.0,,10292.0,7987.0
220426,2006-03-31,870.0,1482.0,,,,10292.0,7987.0
220426,2006-06-30,906.0,1593.0,353083.0,330698.0,,9611.0,7410.0
220426,2006-06-30,906.0,1668.0,,,,9612.0,7410.0
220426,2006-09-30,857.0,1853.0,357021.0,331951.0,,9875.0,7650.0
220426,2006-09-30,,,,,,,
220426,2006-12-31,828.0,1805.0,373855.0,346799.0,,10731.0,8074.0
220426,2006-12-31,831.0,1938.0,,,,10731.0,8076.0
220426,2007-03-31,1029.0,1984.0,377891.0,350846.0,,10189.0,7676.0
220426,2007-06-30,3591.0,1809.0,379519.0,353113.0,,2828.0,723.0
220426,2007-06-30,3591.0,1803.0,,,,2828.0,716.0
220426,2007-09-30,1068.0,1888.0,390745.0,361969.0,,10069.0,7824.0
220426,2007-12-31,964.0,1815.0,389344.0,360166.0,,10694.0,8112.0
220426,2007-12-31,,,,,,,
220426,2008-03-31,1052.0,1418.0,396353.0,366595.0,,10976.0,8358.0
220426,2008-06-30,1123.0,1551.0,379593.0,352425.0,,10765.0,8343.0
220426,2008-06-30,1173.0,1549.0,,,,10786.0,8342.0
220426,2008-09-30,945.0,-119.0,,,,10520.0,8559.0
220426,2008-09-30,,,,,,,
220426,2008-12-31,2431.0,-184.0,327944.0,304163.0,,11825.0,10325.0
220426,2009-03-31,998.0,210.0,315938.0,292088.0,,11280.0,9163.0
220426,2009-03-31,1004.0,439.0,,,,11280.0,8888.0
220426,2009-06-30,1042.0,1287.0,348760.0,321818.0,,11197.0,8448.0
220426,2009-06-30,1035.0,1995.0,,,,11197.0,7677.0
220426,2009-09-30,1277.0,1593.0,369938.0,339615.0,,11993.0,9585.0
220426,2009-09-30,1172.0,1683.0,,,,11993.0,9547.0
220426,2009-12-31,1964.0,1441.0,368914.0,337436.0,,12757.0,9598.0
220426,2009-12-31,1964.0,1421.0,,,,12757.0,9554.0
220426,2010-03-31,1018.0,1497.0,366515.0,336639.0,29876.0,11925.0,9046.0
220426,2010-06-30,1025.0,686.0,,,,10670.0,8663.0
220426,2010-06-30,1026.0,686.0,348202.0,318215.0,29987.0,10670.0,8662.0
220426,2010-09-30,1080.0,1255.0,373850.0,341489.0,32361.0,10968.0,8347.0
220426,2010-09-30,1080.0,1263.0,,,,10968.0,8347.0
220426,2010-12-31,2258.0,1431.0,375661.0,342340.0,33321.0,11946.0,8958.0
220426,2010-12-31,2264.0,1415.0,,,,11945.0,8958.0
220426,2011-03-31,979.0,819.0,388241.0,356644.0,31597.0,10828.0,8641.0
220426,2011-03-31,1028.0,823.0,,,,10834.0,8641.0
220426,2011-06-30,1061.0,1732.0,393781.0,361119.0,32662.0,10311.0,7579.0
220426,2011-06-30,1062.0,1737.0,,,,10310.0,7579.0
220426,2011-09-30,1066.0,1256.0,371769.0,338501.0,33268.0,10647.0,8831.0
220426,2011-09-30,,,,,,,
220426,2011-12-31,2676.0,939.0,385869.0,351853.0,34016.0,11108.0,8482.0
220426,2011-12-31,3278.0,921.0,,,,10831.0,8833.0
220426,2012-03-31,1074.0,1688.0,407050.0,372578.0,34472.0,11578.0,8109.0
220426,2012-03-31,1072.0,1677.0,,,,11578.0,8135.0
220426,2012-06-30,1145.0,1221.0,392071.0,357187.0,34884.0,11199.0,8288.0
220426,2012-06-30,1145.0,1241.0,,,,11206.0,8315.0
220426,2012-09-30,1305.0,746.0,402455.0,365982.0,36473.0,11032.0,8313.0
220426,2012-09-30,1195.0,1014.0,,,,11142.0,8204.0
220426,2012-12-31,3023.0,1802.0,409267.0,372406.0,36861.0,13165.0,9740.0
220426,2012-12-31,3061.0,1541.0,,,,12829.0,9642.0
220426,2013-03-31,1266.0,1744.0,406605.0,369406.0,37199.0,11599.0,8242.0
220426,2013-06-30,1043.0,1008.0,398096.0,364857.0,33239.0,11388.0,7910.0
220426,2013-09-30,1140.0,1563.0,411833.0,377465.0,34368.0,11688.0,7899.0
220426,2013-12-31,3363.0,1645.0,415053.0,380319.0,34734.0,12493.0,8741.0
220426,2014-03-31,818.0,1696.0,424467.0,387570.0,36897.0,12004.0,8439.0
220426,2014-03-31,482.0,1699.0,,,,11893.0,8227.0
220426,2014-06-30,1176.0,1360.0,432207.0,396254.0,35953.0,11896.0,8339.0
220426,2014-06-30,1176.0,1370.0,,,,11896.0,8339.0
220426,2014-09-30,1129.0,1511.0,411489.0,375299.0,36190.0,11973.0,8635.0
220426,2014-09-30,1129.0,1549.0,,,,11973.0,8635.0
220426,2014-12-31,2748.0,1280.0,406529.0,369699.0,36830.0,12190.0,8833.0
220426,2014-12-31,2745.0,1282.0,,,,12190.0,8830.0
220426,2015-03-31,694.0,1880.0,401630.0,364267.0,37363.0,10955.0,7769.0
220426,2015-06-30,1067.0,1093.0,400995.0,367115.0,33880.0,8952.0,5633.0
220426,2015-09-30,1028.0,453.0,387046.0,353589.0,33457.0,11270.0,8850.0
220426,2015-12-31,3141.0,-85.0,381972.0,349069.0,32903.0,11237.0,8775.0
220426,2016-03-31,674.0,1324.0,400630.0,367928.0,32702.0,10329.0,7420.0
220426,2016-06-30,974.0,1273.0,394940.0,361404.0,33536.0,10780.0,8223.0
220426,2016-06-30,664.0,1273.0,,,,10667.0,7990.0
220426,2016-09-30,999.0,1514.0,402915.0,368468.0,34447.0,10853.0,7971.0
220426,2016-09-30,,,,,,,
220426,2016-12-31,3183.0,1210.0,382679.0,350206.0,32473.0,10429.0,7203.0
220426,2017-03-31,718.0,1085.0,392621.0,361375.0,31246.0,10010.0,7249.0
220426,2017-06-30,835.0,1422.0,405177.0,372437.0,32740.0,10162.0,7074.0
220426,2017-09-30,1509.5,1309.0,422065.0,387172.0,34893.0,10449.5,7455.5
220426,2017-12-31,1509.5,1309.0,422065.0,387172.0,34893.0,10449.5,7455.5
