name,date,CUR_MKT_CAP
MNG LN Equity,2019-10-21,6594.8111
MNG LN Equity,2019-10-22,6124.2089
MNG LN Equity,2019-10-23,6441.3213
MNG LN Equity,2019-10-24,6828.4762
MNG LN Equity,2019-10-25,6777.0693
MNG LN Equity,2019-10-28,6627.5846
MNG LN Equity,2019-10-29,6500.0293
MNG LN Equity,2019-10-30,6409.5434
MNG LN Equity,2019-10-31,6451.7872
MNG LN Equity,2019-11-01,6538.9661
MNG LN Equity,2019-11-04,6616.8458
MNG LN Equity,2019-11-05,6476.2022
MNG LN Equity,2019-11-06,6513.1233
MNG LN Equity,2019-11-07,6578.4637
MNG LN Equity,2019-11-08,6568.8841
MNG LN Equity,2019-11-11,6680.4695
MNG LN Equity,2019-11-12,6946.4109
MNG LN Equity,2019-11-13,6883.553
MNG LN Equity,2019-11-14,6929.0232
MNG LN Equity,2019-11-15,6861.8208
MNG LN Equity,2019-11-18,7100.3541
MNG LN Equity,2019-11-19,7079.09
MNG LN Equity,2019-11-20,7067.0895
MNG LN Equity,2019-11-21,6999.1458
MNG LN Equity,2019-11-22,6988.5893
MNG LN Equity,2019-11-25,7240.3466
MNG LN Equity,2019-11-26,7228.1384
MNG LN Equity,2019-11-27,7253.6664
MNG LN Equity,2019-11-28,7271.8375
MNG LN Equity,2019-11-29,7202.9693
MNG LN Equity,2019-12-02,7129.2691
MNG LN Equity,2019-12-03,7045.7476
MNG LN Equity,2019-12-04,6906.62
MNG LN Equity,2019-12-05,6826.5121
MNG LN Equity,2019-12-06,6875.2445
MNG LN Equity,2019-12-09,6844.7532
MNG LN Equity,2019-12-10,6801.1237
MNG LN Equity,2019-12-11,6761.5111
MNG LN Equity,2019-12-12,7049.5812
MNG LN Equity,2019-12-13,7602.7115
MNG LN Equity,2019-12-16,7567.9115
MNG LN Equity,2019-12-17,7200.1269
MNG LN Equity,2019-12-18,7159.0323
MNG LN Equity,2019-12-19,7215.7878
MNG LN Equity,2019-12-20,7266.7493
MNG LN Equity,2019-12-23,7203.8785
MNG LN Equity,2019-12-24,7236.3746
MNG LN Equity,2019-12-27,7243.9719
MNG LN Equity,2019-12-30,7253.0458
MNG LN Equity,2019-12-31,7284.0541
MNG LN Equity,2020-01-02,7453.6397
MNG LN Equity,2020-01-03,7553.5626
MNG LN Equity,2020-01-06,7536.7247
MNG LN Equity,2020-01-07,7498.3489
MNG LN Equity,2020-01-08,7526.5597
MNG LN Equity,2020-01-09,7436.6823
MNG LN Equity,2020-01-10,7425.8838
MNG LN Equity,2020-01-13,7357.6594
MNG LN Equity,2020-01-14,7318.0761
MNG LN Equity,2020-01-15,7306.5347
MNG LN Equity,2020-01-16,7387.3966
MNG LN Equity,2020-01-17,7516.5668
MNG LN Equity,2020-01-20,7592.8352
MNG LN Equity,2020-01-21,7632.554
MNG LN Equity,2020-01-22,7568.267
MNG LN Equity,2020-01-23,7525.7317
MNG LN Equity,2020-01-24,7567.4492
MNG LN Equity,2020-01-27,7458.7374
MNG LN Equity,2020-01-28,7508.8999
MNG LN Equity,2020-01-29,7531.4376
MNG LN Equity,2020-01-30,7476.6236
MNG LN Equity,2020-01-31,7435.5957
MNG LN Equity,2020-02-03,7441.7121
MNG LN Equity,2020-02-04,7459.7469
MNG LN Equity,2020-02-05,7437.3454
MNG LN Equity,2020-02-06,7322.9154
MNG LN Equity,2020-02-07,7331.7212
MNG LN Equity,2020-02-10,7389.7932
MNG LN Equity,2020-02-11,7528.4329
MNG LN Equity,2020-02-12,7622.7195
MNG LN Equity,2020-02-13,7739.3947
MNG LN Equity,2020-02-14,7785.4778
MNG LN Equity,2020-02-17,7701.6941
MNG LN Equity,2020-02-18,7792.0104
MNG LN Equity,2020-02-19,7823.776
MNG LN Equity,2020-02-20,7749.1928
MNG LN Equity,2020-02-21,7598.6825
MNG LN Equity,2020-02-24,7159.5418
MNG LN Equity,2020-02-25,7081.2012
MNG LN Equity,2020-02-26,6897.6248
MNG LN Equity,2020-02-27,6430.9743
MNG LN Equity,2020-02-28,5995.5181
MNG LN Equity,2020-03-02,5766.8223
MNG LN Equity,2020-03-03,6047.2091
MNG LN Equity,2020-03-04,6080.9148
MNG LN Equity,2020-03-05,5936.6815
MNG LN Equity,2020-03-06,5666.8276
MNG LN Equity,2020-03-09,5130.5473
MNG LN Equity,2020-03-10,5054.6206
MNG LN Equity,2020-03-11,4973.5746
MNG LN Equity,2020-03-12,4359.0872
MNG LN Equity,2020-03-13,4235.6769
MNG LN Equity,2020-03-16,3118.5579
MNG LN Equity,2020-03-17,2897.6035
MNG LN Equity,2020-03-18,2612.3512
MNG LN Equity,2020-03-19,3540.1331
MNG LN Equity,2020-03-20,3134.2836
MNG LN Equity,2020-03-23,3264.3513
MNG LN Equity,2020-03-24,3938.4033
MNG LN Equity,2020-03-25,4254.0327
MNG LN Equity,2020-03-26,4027.5152
MNG LN Equity,2020-03-27,3914.1268
MNG LN Equity,2020-03-30,3433.8411
MNG LN Equity,2020-03-31,3308.275
MNG LN Equity,2020-04-01,3215.2102
MNG LN Equity,2020-04-02,3522.8493
MNG LN Equity,2020-04-03,3223.9949
MNG LN Equity,2020-04-06,3489.1193
MNG LN Equity,2020-04-07,3828.6513
MNG LN Equity,2020-04-08,3978.3649
MNG LN Equity,2020-04-09,4202.6391
MNG LN Equity,2020-04-14,4364.2916
MNG LN Equity,2020-04-15,4359.8369
MNG LN Equity,2020-04-16,3832.8291
MNG LN Equity,2020-04-17,3902.1068
MNG LN Equity,2020-04-20,3944.3948
MNG LN Equity,2020-04-21,3775.7977
MNG LN Equity,2020-04-22,3787.5566
MNG LN Equity,2020-04-23,3744.515
MNG LN Equity,2020-04-24,3714.7121
MNG LN Equity,2020-04-27,3751.5251
MNG LN Equity,2020-04-28,3873.3999
MNG LN Equity,2020-04-29,4151.4998
MNG LN Equity,2020-04-30,3955.5323
MNG LN Equity,2020-05-01,3825.2788
MNG LN Equity,2020-05-04,3665.4365
MNG LN Equity,2020-05-05,3700.3294
MNG LN Equity,2020-05-06,3784.6806
MNG LN Equity,2020-05-07,3909.7175
MNG LN Equity,2020-05-11,3829.0383
MNG LN Equity,2020-05-12,3790.4356
MNG LN Equity,2020-05-13,3502.9066
MNG LN Equity,2020-05-14,3335.2204
MNG LN Equity,2020-05-15,3182.315
MNG LN Equity,2020-05-18,3418.0708
MNG LN Equity,2020-05-19,3538.9589
MNG LN Equity,2020-05-20,3432.5983
MNG LN Equity,2020-05-21,3503.3146
MNG LN Equity,2020-05-22,3590.1064
MNG LN Equity,2020-05-26,3719.4716
MNG LN Equity,2020-05-27,4059.0765
MNG LN Equity,2020-05-28,4341.8585
MNG LN Equity,2020-05-29,4039.6715
MNG LN Equity,2020-06-01,4150.7075
MNG LN Equity,2020-06-02,4163.2836
MNG LN Equity,2020-06-03,4343.8995
MNG LN Equity,2020-06-04,4359.4183
MNG LN Equity,2020-06-05,4821.9557
MNG LN Equity,2020-06-08,5004.234
MNG LN Equity,2020-06-09,4967.207
MNG LN Equity,2020-06-10,4609.0089
MNG LN Equity,2020-06-11,4400.1623
MNG LN Equity,2020-06-12,4383.3652
MNG LN Equity,2020-06-15,4593.6836
MNG LN Equity,2020-06-16,4608.3275
MNG LN Equity,2020-06-17,4619.3018
MNG LN Equity,2020-06-18,4654.2778
MNG LN Equity,2020-06-19,4609.4646
MNG LN Equity,2020-06-22,4621.5091
MNG LN Equity,2020-06-23,4819.6328
MNG LN Equity,2020-06-24,4578.4881
MNG LN Equity,2020-06-25,4634.9598
MNG LN Equity,2020-06-26,4614.0063
MNG LN Equity,2020-06-29,4701.4954
MNG LN Equity,2020-06-30,4796.2916
MNG LN Equity,2020-07-01,4782.1437
MNG LN Equity,2020-07-02,4836.9674
MNG LN Equity,2020-07-03,4851.7779
MNG LN Equity,2020-07-06,4886.0567
MNG LN Equity,2020-07-07,4945.9486
MNG LN Equity,2020-07-08,5029.4574
MNG LN Equity,2020-07-09,4976.8126
MNG LN Equity,2020-07-10,5042.0151
MNG LN Equity,2020-07-13,5084.99
MNG LN Equity,2020-07-14,5052.4715
MNG LN Equity,2020-07-15,4988.5423
MNG LN Equity,2020-07-16,5030.0548
MNG LN Equity,2020-07-17,5081.9164
MNG LN Equity,2020-07-20,5139.7339
MNG LN Equity,2020-07-21,5099.3411
MNG LN Equity,2020-07-22,4969.9695
MNG LN Equity,2020-07-23,4939.0041
MNG LN Equity,2020-07-24,4653.859
MNG LN Equity,2020-07-27,4659.1028
MNG LN Equity,2020-07-28,4670.1603
MNG LN Equity,2020-07-29,4672.6324
MNG LN Equity,2020-07-30,4556.4535
MNG LN Equity,2020-07-31,4638.6418
MNG LN Equity,2020-08-03,4637.7634
MNG LN Equity,2020-08-04,4705.2503
MNG LN Equity,2020-08-05,4873.7203
MNG LN Equity,2020-08-06,4793.4482
MNG LN Equity,2020-08-07,4893.5945
MNG LN Equity,2020-08-10,4912.0709
MNG LN Equity,2020-08-11,5020.6375
MNG LN Equity,2020-08-12,5216.9706
MNG LN Equity,2020-08-13,5239.007
MNG LN Equity,2020-08-14,5167.4377
MNG LN Equity,2020-08-17,5214.1845
MNG LN Equity,2020-08-18,5189.1405
MNG LN Equity,2020-08-19,5186.8996
MNG LN Equity,2020-08-20,4888.3074
MNG LN Equity,2020-08-21,4852.0052
MNG LN Equity,2020-08-24,4968.5894
MNG LN Equity,2020-08-25,4942.1678
MNG LN Equity,2020-08-26,5101.5917
MNG LN Equity,2020-08-27,5072.7645
MNG LN Equity,2020-08-28,5041.8621
MNG LN Equity,2020-09-01,4829.9917
MNG LN Equity,2020-09-02,4825.715
MNG LN Equity,2020-09-03,4628.7014
MNG LN Equity,2020-09-04,4579.7969
MNG LN Equity,2020-09-07,4794.4685
MNG LN Equity,2020-09-08,4601.7475
MNG LN Equity,2020-09-09,4499.9291
MNG LN Equity,2020-09-10,4408.0042
MNG LN Equity,2020-09-11,4290.7573
MNG LN Equity,2020-09-14,4262.6502
MNG LN Equity,2020-09-15,4461.212
MNG LN Equity,2020-09-16,4542.7615
MNG LN Equity,2020-09-17,4438.7285
MNG LN Equity,2020-09-18,4489.1408
MNG LN Equity,2020-09-21,4218.5554
MNG LN Equity,2020-09-22,4200.5837
MNG LN Equity,2020-09-23,4314.4658
MNG LN Equity,2020-09-24,4154.5562
MNG LN Equity,2020-09-25,4302.0729
MNG LN Equity,2020-09-28,4552.2852
MNG LN Equity,2020-09-29,4471.3629
MNG LN Equity,2020-09-30,4567.4799
MNG LN Equity,2020-10-01,4549.679
MNG LN Equity,2020-10-02,4616.2833
MNG LN Equity,2020-10-05,4695.0431
MNG LN Equity,2020-10-06,4741.6395
MNG LN Equity,2020-10-07,4578.0039
MNG LN Equity,2020-10-08,4620.3398
MNG LN Equity,2020-10-09,4841.553
MNG LN Equity,2020-10-12,4776.2129
MNG LN Equity,2020-10-13,4678.0735
MNG LN Equity,2020-10-14,4791.9671
MNG LN Equity,2020-10-15,4719.0068
MNG LN Equity,2020-10-16,4827.0001
MNG LN Equity,2020-10-19,4778.3331
MNG LN Equity,2020-10-20,4751.8634
MNG LN Equity,2020-10-21,4756.2502
MNG LN Equity,2020-10-22,4821.2645
MNG LN Equity,2020-10-23,4829.2487
MNG LN Equity,2020-10-26,4763.8711
MNG LN Equity,2020-10-27,4419.4025
MNG LN Equity,2020-10-28,4234.8912
MNG LN Equity,2020-10-29,4206.5322
MNG LN Equity,2020-10-30,4237.0586
MNG LN Equity,2020-11-02,4178.1049
MNG LN Equity,2020-11-03,4411.1746
MNG LN Equity,2020-11-04,4483.8321
MNG LN Equity,2020-11-05,4442.3868
MNG LN Equity,2020-11-06,4556.6277
MNG LN Equity,2020-11-09,5099.2236
MNG LN Equity,2020-11-10,5261.2391
MNG LN Equity,2020-11-11,5218.7129
MNG LN Equity,2020-11-12,5057.2595
MNG LN Equity,2020-11-13,5315.9363
MNG LN Equity,2020-11-16,5542.7198
MNG LN Equity,2020-11-17,5605.4639
MNG LN Equity,2020-11-18,5633.6849
MNG LN Equity,2020-11-19,5606.6072
MNG LN Equity,2020-11-20,5670.11
MNG LN Equity,2020-11-23,5704.0231
MNG LN Equity,2020-11-24,5869.9006
MNG LN Equity,2020-11-25,5731.076
MNG LN Equity,2020-11-26,5618.9485
MNG LN Equity,2020-11-27,5601.582
MNG LN Equity,2020-11-30,5445.3357
MNG LN Equity,2020-12-01,5568.4906
MNG LN Equity,2020-12-02,5568.9304
MNG LN Equity,2020-12-03,5701.3115
MNG LN Equity,2020-12-04,5641.9495
MNG LN Equity,2020-12-07,5536.9453
MNG LN Equity,2020-12-08,5455.4491
MNG LN Equity,2020-12-09,5615.353
MNG LN Equity,2020-12-10,5421.9835
MNG LN Equity,2020-12-11,5294.0307
MNG LN Equity,2020-12-14,5400.9312
MNG LN Equity,2020-12-15,5471.0851
MNG LN Equity,2020-12-16,5721.6214
MNG LN Equity,2020-12-17,5800.3965
MNG LN Equity,2020-12-18,5674.9001
MNG LN Equity,2020-12-21,5467.594
MNG LN Equity,2020-12-22,5609.0808
MNG LN Equity,2020-12-23,5781.5405
MNG LN Equity,2020-12-24,5905.259
MNG LN Equity,2020-12-29,5804.393
MNG LN Equity,2020-12-30,5746.9181
MNG LN Equity,2020-12-31,5746.8372
MNG LN Equity,2021-01-04,5690.8068
MNG LN Equity,2021-01-05,5640.8673
MNG LN Equity,2021-01-06,5849.7524
MNG LN Equity,2021-01-07,5731.7938
MNG LN Equity,2021-01-08,5732.4003
MNG LN Equity,2021-01-11,5680.8944
MNG LN Equity,2021-01-12,5759.025
MNG LN Equity,2021-01-13,5830.2885
MNG LN Equity,2021-01-14,5833.1999
MNG LN Equity,2021-01-15,5741.6748
MNG LN Equity,2021-01-18,5649.4936
MNG LN Equity,2021-01-19,5565.9183
MNG LN Equity,2021-01-20,5656.9399
MNG LN Equity,2021-01-21,5794.578
MNG LN Equity,2021-01-22,5699.8476
MNG LN Equity,2021-01-25,5582.045
MNG LN Equity,2021-01-26,5385.9771
MNG LN Equity,2021-01-27,5239.9029
MNG LN Equity,2021-01-28,5418.4345
MNG LN Equity,2021-01-29,5166.5657
MNG LN Equity,2021-02-01,5390.8929
MNG LN Equity,2021-02-02,5396.3839
MNG LN Equity,2021-02-03,5521.1455
MNG LN Equity,2021-02-04,5564.3006
MNG LN Equity,2021-02-05,5509.3161
MNG LN Equity,2021-02-08,5424.2854
MNG LN Equity,2021-02-09,5478.0828
MNG LN Equity,2021-02-10,5454.8998
MNG LN Equity,2021-02-11,5551.7616
MNG LN Equity,2021-02-12,5578.8393
MNG LN Equity,2021-02-15,5851.4086
MNG LN Equity,2021-02-16,5893.827
MNG LN Equity,2021-02-17,5601.7876
MNG LN Equity,2021-02-18,5565.0591
MNG LN Equity,2021-02-19,5703.1222
MNG LN Equity,2021-02-22,5697.1891
MNG LN Equity,2021-02-23,5714.6779
MNG LN Equity,2021-02-24,5753.4246
MNG LN Equity,2021-02-25,5714.3565
MNG LN Equity,2021-02-26,5519.3903
MNG LN Equity,2021-03-01,5803.4406
MNG LN Equity,2021-03-02,5851.6655
MNG LN Equity,2021-03-03,6002.222
MNG LN Equity,2021-03-04,6024.4624
MNG LN Equity,2021-03-05,6031.857
MNG LN Equity,2021-03-08,6223.7672
MNG LN Equity,2021-03-09,6526.1731
MNG LN Equity,2021-03-10,6767.06
MNG LN Equity,2021-03-11,6653.1317
MNG LN Equity,2021-03-12,6834.4458
MNG LN Equity,2021-03-15,6634.8113
MNG LN Equity,2021-03-16,6773.1639
MNG LN Equity,2021-03-17,6477.9291
MNG LN Equity,2021-03-18,6235.8207
MNG LN Equity,2021-03-19,6060.8459
MNG LN Equity,2021-03-22,6046.1866
MNG LN Equity,2021-03-23,6094.7062
MNG LN Equity,2021-03-24,6125.4694
MNG LN Equity,2021-03-25,6288.1036
MNG LN Equity,2021-03-26,6314.3707
MNG LN Equity,2021-03-29,6227.8448
MNG LN Equity,2021-03-30,6373.8734
MNG LN Equity,2021-03-31,6332.9748
MNG LN Equity,2021-04-01,6390.3396
MNG LN Equity,2021-04-06,6495.5011
MNG LN Equity,2021-04-07,6600.1334
MNG LN Equity,2021-04-08,6550.0643
MNG LN Equity,2021-04-09,6537.9705
MNG LN Equity,2021-04-12,6512.8138
MNG LN Equity,2021-04-13,6491.9901
MNG LN Equity,2021-04-14,6584.0879
MNG LN Equity,2021-04-15,6560.5389
MNG LN Equity,2021-04-16,6636.6115
MNG LN Equity,2021-04-19,6615.1712
MNG LN Equity,2021-04-20,6380.8846
MNG LN Equity,2021-04-21,6350.2682
MNG LN Equity,2021-04-22,6308.604
MNG LN Equity,2021-04-23,6284.94
MNG LN Equity,2021-04-26,6343.5207
MNG LN Equity,2021-04-27,6331.7207
MNG LN Equity,2021-04-28,6331.8463
MNG LN Equity,2021-04-29,6338.4472
MNG LN Equity,2021-04-30,6496.544
MNG LN Equity,2021-05-04,6414.5054
MNG LN Equity,2021-05-05,6509.1575
MNG LN Equity,2021-05-06,6549.8196
MNG LN Equity,2021-05-07,6506.9029
MNG LN Equity,2021-05-10,6701.0139
MNG LN Equity,2021-05-11,6533.5527
MNG LN Equity,2021-05-12,6664.0875
MNG LN Equity,2021-05-13,6924.3621
MNG LN Equity,2021-05-14,7129.665
MNG LN Equity,2021-05-17,7151.826
MNG LN Equity,2021-05-18,7200.6826
MNG LN Equity,2021-05-19,7114.1083
MNG LN Equity,2021-05-20,7214.6203
MNG LN Equity,2021-05-21,7186.9432
MNG LN Equity,2021-05-24,7186.6076
MNG LN Equity,2021-05-25,7097.7421
MNG LN Equity,2021-05-26,7066.3031
MNG LN Equity,2021-05-27,7322.0907
MNG LN Equity,2021-05-28,7396.6967
MNG LN Equity,2021-06-01,7482.0372
MNG LN Equity,2021-06-02,7484.2062
MNG LN Equity,2021-06-03,7506.6343
MNG LN Equity,2021-06-04,7455.2544
MNG LN Equity,2021-06-07,7515.4215
MNG LN Equity,2021-06-08,7412.2734
MNG LN Equity,2021-06-09,7284.1674
MNG LN Equity,2021-06-10,7319.4776
MNG LN Equity,2021-06-11,7445.2891
MNG LN Equity,2021-06-14,7391.7711
MNG LN Equity,2021-06-15,7381.2801
MNG LN Equity,2021-06-16,7452.5133
MNG LN Equity,2021-06-17,7437.6447
MNG LN Equity,2021-06-18,7260.7353
MNG LN Equity,2021-06-21,7352.281
MNG LN Equity,2021-06-22,7333.0411
MNG LN Equity,2021-06-23,7311.5959
MNG LN Equity,2021-06-24,7313.7179
MNG LN Equity,2021-06-25,7094.3428
MNG LN Equity,2021-06-28,6963.7948
MNG LN Equity,2021-06-29,6921.1829
MNG LN Equity,2021-06-30,6931.0809
MNG LN Equity,2021-07-01,6917.0249
MNG LN Equity,2021-07-02,6905.7153
MNG LN Equity,2021-07-05,7009.2799
MNG LN Equity,2021-07-06,6970.7697
MNG LN Equity,2021-07-07,6985.7087
MNG LN Equity,2021-07-08,6768.7016
MNG LN Equity,2021-07-09,6915.6743
MNG LN Equity,2021-07-12,6945.6681
MNG LN Equity,2021-07-13,6935.996
MNG LN Equity,2021-07-14,6924.9957
MNG LN Equity,2021-07-15,6815.8813
MNG LN Equity,2021-07-16,6748.1902
MNG LN Equity,2021-07-19,6443.0557
MNG LN Equity,2021-07-20,6486.8052
MNG LN Equity,2021-07-21,6761.5264
MNG LN Equity,2021-07-22,6845.891
MNG LN Equity,2021-07-23,6842.5424
MNG LN Equity,2021-07-26,6951.6808
MNG LN Equity,2021-07-27,6917.3821
MNG LN Equity,2021-07-28,6887.4843
MNG LN Equity,2021-07-29,6949.9382
MNG LN Equity,2021-07-30,6868.2673
MNG LN Equity,2021-08-02,7051.6647
MNG LN Equity,2021-08-03,7109.7516
MNG LN Equity,2021-08-04,7081.4101
MNG LN Equity,2021-08-05,7155.7521
MNG LN Equity,2021-08-06,7286.112
MNG LN Equity,2021-08-09,7300.6607
MNG LN Equity,2021-08-10,7084.8492
MNG LN Equity,2021-08-11,7064.4745
MNG LN Equity,2021-08-12,6827.7406
MNG LN Equity,2021-08-13,6911.1592
MNG LN Equity,2021-08-16,6826.686
MNG LN Equity,2021-08-17,6711.6752
MNG LN Equity,2021-08-18,6770.9549
MNG LN Equity,2021-08-19,6375.1429
MNG LN Equity,2021-08-20,6357.8753
MNG LN Equity,2021-08-23,6442.8788
MNG LN Equity,2021-08-24,6365.0607
MNG LN Equity,2021-08-25,6375.0915
MNG LN Equity,2021-08-26,6292.9178
MNG LN Equity,2021-08-27,6331.979
MNG LN Equity,2021-08-31,6238.0853
MNG LN Equity,2021-09-01,6303.5576
MNG LN Equity,2021-09-02,6234.6104
MNG LN Equity,2021-09-03,6140.2794
MNG LN Equity,2021-09-06,6167.842
MNG LN Equity,2021-09-07,6105.1015
MNG LN Equity,2021-09-08,6029.8251
MNG LN Equity,2021-09-09,6147.5938
MNG LN Equity,2021-09-10,6149.9758
MNG LN Equity,2021-09-13,6236.5818
MNG LN Equity,2021-09-14,6197.9728
MNG LN Equity,2021-09-15,6231.0636
MNG LN Equity,2021-09-16,6240.5688
MNG LN Equity,2021-09-17,6163.0684
MNG LN Equity,2021-09-20,6034.245
MNG LN Equity,2021-09-21,6060.3151
MNG LN Equity,2021-09-22,6179.7535
MNG LN Equity,2021-09-23,6213.5848
MNG LN Equity,2021-09-24,6223.2663
MNG LN Equity,2021-09-27,6309.5469
MNG LN Equity,2021-09-28,6118.7413
MNG LN Equity,2021-09-29,6131.6992
MNG LN Equity,2021-09-30,6158.0328
MNG LN Equity,2021-10-01,6104.7454
MNG LN Equity,2021-10-04,6074.7196
MNG LN Equity,2021-10-05,6110.9974
MNG LN Equity,2021-10-06,6029.3942
MNG LN Equity,2021-10-07,6115.6534
MNG LN Equity,2021-10-08,6126.0175
MNG LN Equity,2021-10-11,6135.6386
MNG LN Equity,2021-10-12,6096.3703
MNG LN Equity,2021-10-13,6065.5122
MNG LN Equity,2021-10-14,6146.9288
MNG LN Equity,2021-10-15,6146.681
MNG LN Equity,2021-10-18,6078.2477
MNG LN Equity,2021-10-19,6082.2719
MNG LN Equity,2021-10-20,6107.9521
MNG LN Equity,2021-10-21,6134.0263
MNG LN Equity,2021-10-22,6098.1232
MNG LN Equity,2021-10-25,6061.1642
MNG LN Equity,2021-10-26,6178.0626
MNG LN Equity,2021-10-27,6157.8981
MNG LN Equity,2021-10-28,6098.1178
MNG LN Equity,2021-10-29,6155.2956
MNG LN Equity,2021-11-01,6239.7361
MNG LN Equity,2021-11-02,6196.3466
MNG LN Equity,2021-11-03,6131.2375
MNG LN Equity,2021-11-04,6078.7187
MNG LN Equity,2021-11-05,6118.9871
MNG LN Equity,2021-11-08,6090.9351
MNG LN Equity,2021-11-09,5969.2287
MNG LN Equity,2021-11-10,5998.6971
MNG LN Equity,2021-11-11,5992.2915
MNG LN Equity,2021-11-12,5996.8365
MNG LN Equity,2021-11-15,6099.4304
MNG LN Equity,2021-11-16,6158.0571
MNG LN Equity,2021-11-17,6182.1106
MNG LN Equity,2021-11-18,6139.0551
MNG LN Equity,2021-11-19,5991.7429
MNG LN Equity,2021-11-22,6037.0864
MNG LN Equity,2021-11-23,6108.279
MNG LN Equity,2021-11-24,6122.6964
MNG LN Equity,2021-11-25,6146.8721
MNG LN Equity,2021-11-26,5764.0591
MNG LN Equity,2021-11-29,5841.8194
MNG LN Equity,2021-11-30,5698.2382
MNG LN Equity,2021-12-01,5806.1685
MNG LN Equity,2021-12-02,5798.1603
MNG LN Equity,2021-12-03,5844.8547
MNG LN Equity,2021-12-06,6012.5577
MNG LN Equity,2021-12-07,6083.2139
MNG LN Equity,2021-12-08,6049.6836
MNG LN Equity,2021-12-09,5952.6763
MNG LN Equity,2021-12-10,5916.8776
MNG LN Equity,2021-12-13,5816.1793
MNG LN Equity,2021-12-14,5890.0747
MNG LN Equity,2021-12-15,5787.0242
MNG LN Equity,2021-12-16,5901.9014
MNG LN Equity,2021-12-17,5938.9923
MNG LN Equity,2021-12-20,5707.3128
MNG LN Equity,2021-12-21,5869.9422
MNG LN Equity,2021-12-22,5974.2993
MNG LN Equity,2021-12-23,6128.1268
MNG LN Equity,2021-12-24,6122.1955
MNG LN Equity,2021-12-29,6207.8236
MNG LN Equity,2021-12-30,6219.1891
MNG LN Equity,2021-12-31,6165.7764
MNG LN Equity,2022-01-04,6512.4836
MNG LN Equity,2022-01-05,6461.0439
MNG LN Equity,2022-01-06,6434.1817
MNG LN Equity,2022-01-07,6441.4507
MNG LN Equity,2022-01-10,6452.3999
MNG LN Equity,2022-01-11,6551.1326
MNG LN Equity,2022-01-12,6539.4564
MNG LN Equity,2022-01-13,6629.0486
MNG LN Equity,2022-01-14,6660.5646
MNG LN Equity,2022-01-17,6652.2916
MNG LN Equity,2022-01-18,6696.2919
MNG LN Equity,2022-01-19,6739.2474
MNG LN Equity,2022-01-20,6796.7747
MNG LN Equity,2022-01-21,6648.021
MNG LN Equity,2022-01-24,6380.4432
MNG LN Equity,2022-01-25,6612.683
MNG LN Equity,2022-01-26,6680.5008
MNG LN Equity,2022-01-27,6676.5363
MNG LN Equity,2022-01-28,6652.3573
MNG LN Equity,2022-01-31,6713.5885
MNG LN Equity,2022-02-01,6713.7248
MNG LN Equity,2022-02-02,6756.9467
MNG LN Equity,2022-02-03,6640.6183
MNG LN Equity,2022-02-04,6565.4333
MNG LN Equity,2022-02-07,6536.7902
MNG LN Equity,2022-02-08,6638.1129
MNG LN Equity,2022-02-09,6678.117
MNG LN Equity,2022-02-10,6710.6596
MNG LN Equity,2022-02-11,6686.2923
MNG LN Equity,2022-02-14,6600.4031
MNG LN Equity,2022-02-15,6656.0426
MNG LN Equity,2022-02-16,6717.31
MNG LN Equity,2022-02-17,6654.5201
MNG LN Equity,2022-02-18,6656.1754
MNG LN Equity,2022-02-21,6645.3693
MNG LN Equity,2022-02-22,6707.5244
MNG LN Equity,2022-02-23,6749.1433
MNG LN Equity,2022-02-24,6265.1502
MNG LN Equity,2022-02-25,6519.2425
MNG LN Equity,2022-02-28,6394.4664
MNG LN Equity,2022-03-01,6088.1216
MNG LN Equity,2022-03-02,6159.3817
MNG LN Equity,2022-03-03,5961.8979
MNG LN Equity,2022-03-04,5709.8942
MNG LN Equity,2022-03-07,5589.1892
MNG LN Equity,2022-03-08,6400.0603
MNG LN Equity,2022-03-09,6751.1954
MNG LN Equity,2022-03-10,6801.4202
MNG LN Equity,2022-03-11,6852.9453
MNG LN Equity,2022-03-14,7014.5063
MNG LN Equity,2022-03-15,6944.038
MNG LN Equity,2022-03-16,6992.5454
MNG LN Equity,2022-03-17,6658.7047
MNG LN Equity,2022-03-18,6598.1992
MNG LN Equity,2022-03-21,6618.2459
MNG LN Equity,2022-03-22,6751.3895
MNG LN Equity,2022-03-23,6745.607
MNG LN Equity,2022-03-24,6899.1333
MNG LN Equity,2022-03-25,6990.4718
MNG LN Equity,2022-03-28,6860.8385
MNG LN Equity,2022-03-29,6951.7279
MNG LN Equity,2022-03-30,6783.2906
MNG LN Equity,2022-03-31,6813.2551
MNG LN Equity,2022-04-01,6863.5942
MNG LN Equity,2022-04-04,6812.7274
MNG LN Equity,2022-04-05,6755.7601
MNG LN Equity,2022-04-06,6719.4988
MNG LN Equity,2022-04-07,6592.2729
MNG LN Equity,2022-04-08,6611.1243
MNG LN Equity,2022-04-11,6612.1817
MNG LN Equity,2022-04-12,6656.466
MNG LN Equity,2022-04-13,6539.5924
MNG LN Equity,2022-04-14,6569.2877
MNG LN Equity,2022-04-19,6548.8684
MNG LN Equity,2022-04-20,6722.8757
MNG LN Equity,2022-04-21,6771.7356
MNG LN Equity,2022-04-22,6618.5305
MNG LN Equity,2022-04-25,6509.2274
MNG LN Equity,2022-04-26,6472.4228
MNG LN Equity,2022-04-27,6537.7115
MNG LN Equity,2022-04-28,6584.5469
MNG LN Equity,2022-04-29,6614.8765
MNG LN Equity,2022-05-03,6781.1746
MNG LN Equity,2022-05-04,6580.8456
MNG LN Equity,2022-05-05,6426.9627
MNG LN Equity,2022-05-06,6330.9429
MNG LN Equity,2022-05-09,6225.5442
MNG LN Equity,2022-05-10,6250.0976
MNG LN Equity,2022-05-11,6322.1569
MNG LN Equity,2022-05-12,6332.8395
MNG LN Equity,2022-05-13,6501.9009
MNG LN Equity,2022-05-16,6500.9378
MNG LN Equity,2022-05-17,6603.6529
MNG LN Equity,2022-05-18,6585.5073
MNG LN Equity,2022-05-19,6285.7976
MNG LN Equity,2022-05-20,6310.738
MNG LN Equity,2022-05-23,6581.9498
MNG LN Equity,2022-05-24,6470.4712
MNG LN Equity,2022-05-25,6605.3146
MNG LN Equity,2022-05-26,6640.3499
MNG LN Equity,2022-05-27,6600.1278
MNG LN Equity,2022-05-30,6685.0596
MNG LN Equity,2022-05-31,6529.7056
MNG LN Equity,2022-06-01,6513.2349
MNG LN Equity,2022-06-06,6569.8253
MNG LN Equity,2022-06-07,6567.1417
MNG LN Equity,2022-06-08,6517.341
MNG LN Equity,2022-06-09,6444.4495
MNG LN Equity,2022-06-10,6216.3239
MNG LN Equity,2022-06-13,6044.4096
MNG LN Equity,2022-06-14,5959.1137
MNG LN Equity,2022-06-15,6085.7796
MNG LN Equity,2022-06-16,5849.4472
MNG LN Equity,2022-06-17,5839.4368
MNG LN Equity,2022-06-20,5959.1662
MNG LN Equity,2022-06-21,5966.6009
MNG LN Equity,2022-06-22,5812.1392
MNG LN Equity,2022-06-23,5765.2222
MNG LN Equity,2022-06-24,5915.3922
MNG LN Equity,2022-06-27,5968.5207
MNG LN Equity,2022-06-28,5880.3179
MNG LN Equity,2022-06-29,5826.0685
MNG LN Equity,2022-06-30,5787.0112
MNG LN Equity,2022-07-01,5697.9574
MNG LN Equity,2022-07-04,5727.3488
MNG LN Equity,2022-07-05,5480.4431
MNG LN Equity,2022-07-06,5614.3252
MNG LN Equity,2022-07-07,5844.2688
MNG LN Equity,2022-07-08,5870.4045
MNG LN Equity,2022-07-11,5816.0401
MNG LN Equity,2022-07-12,5960.5876
MNG LN Equity,2022-07-13,5901.2808
MNG LN Equity,2022-07-14,5753.5819
MNG LN Equity,2022-07-15,5871.6966
MNG LN Equity,2022-07-18,6134.4042
MNG LN Equity,2022-07-19,6253.6412
MNG LN Equity,2022-07-20,6334.7375
MNG LN Equity,2022-07-21,6353.5633
MNG LN Equity,2022-07-22,6412.7714
MNG LN Equity,2022-07-25,6366.6929
MNG LN Equity,2022-07-26,6327.506
MNG LN Equity,2022-07-27,6389.8582
MNG LN Equity,2022-07-28,6317.4349
MNG LN Equity,2022-07-29,6443.1474
MNG LN Equity,2022-08-01,6493.7036
MNG LN Equity,2022-08-02,6491.9911
MNG LN Equity,2022-08-03,6591.6159
MNG LN Equity,2022-08-04,6581.9939
MNG LN Equity,2022-08-05,6534.5711
MNG LN Equity,2022-08-08,6495.4668
MNG LN Equity,2022-08-09,6409.64
MNG LN Equity,2022-08-10,6534.6402
MNG LN Equity,2022-08-11,6653.1621
MNG LN Equity,2022-08-12,6552.4335
MNG LN Equity,2022-08-15,6538.3046
MNG LN Equity,2022-08-16,6530.8255
MNG LN Equity,2022-08-17,6409.6196
MNG LN Equity,2022-08-18,6252.1252
MNG LN Equity,2022-08-19,6140.5515
MNG LN Equity,2022-08-22,6068.2817
MNG LN Equity,2022-08-23,6011.7683
MNG LN Equity,2022-08-24,5931.1573
MNG LN Equity,2022-08-25,5917.1703
MNG LN Equity,2022-08-26,5811.3317
MNG LN Equity,2022-08-30,5701.0956
MNG LN Equity,2022-08-31,5686.5958
MNG LN Equity,2022-09-01,5636.2785
MNG LN Equity,2022-09-02,5769.6505
MNG LN Equity,2022-09-05,5769.7019
MNG LN Equity,2022-09-06,5940.7797
MNG LN Equity,2022-09-07,5829.1242
MNG LN Equity,2022-09-08,5730.4592
MNG LN Equity,2022-09-09,5873.7256
MNG LN Equity,2022-09-12,5799.8644
MNG LN Equity,2022-09-13,5731.5544
MNG LN Equity,2022-09-14,5631.8599
MNG LN Equity,2022-09-15,5618.5527
MNG LN Equity,2022-09-16,5681.7443
MNG LN Equity,2022-09-20,5540.696
MNG LN Equity,2022-09-21,5619.0097
MNG LN Equity,2022-09-22,5514.6444
MNG LN Equity,2022-09-23,5272.8373
MNG LN Equity,2022-09-26,5108.2808
MNG LN Equity,2022-09-27,4912.8619
MNG LN Equity,2022-09-28,4623.3894
MNG LN Equity,2022-09-29,4441.5957
MNG LN Equity,2022-09-30,4639.7138
MNG LN Equity,2022-10-03,4710.2538
MNG LN Equity,2022-10-04,4854.0149
MNG LN Equity,2022-10-05,4736.2942
MNG LN Equity,2022-10-06,4656.6766
MNG LN Equity,2022-10-07,4574.4658
MNG LN Equity,2022-10-10,4698.9838
MNG LN Equity,2022-10-11,4607.035
MNG LN Equity,2022-10-12,4490.6862
MNG LN Equity,2022-10-13,4730.7757
MNG LN Equity,2022-10-14,4694.8415
MNG LN Equity,2022-10-17,4841.8268
MNG LN Equity,2022-10-18,4841.694
MNG LN Equity,2022-10-19,4813.4372
MNG LN Equity,2022-10-20,4868.3631
MNG LN Equity,2022-10-21,4832.9777
MNG LN Equity,2022-10-24,4823.8788
MNG LN Equity,2022-10-25,4930.3453
MNG LN Equity,2022-10-26,4882.8517
MNG LN Equity,2022-10-27,4902.6005
MNG LN Equity,2022-10-28,4747.0263
MNG LN Equity,2022-10-31,4771.188
MNG LN Equity,2022-11-01,4813.8419
MNG LN Equity,2022-11-02,4764.3813
MNG LN Equity,2022-11-03,4669.7955
MNG LN Equity,2022-11-04,4743.5011
MNG LN Equity,2022-11-07,4827.2778
MNG LN Equity,2022-11-08,4834.1507
MNG LN Equity,2022-11-09,4738.6674
MNG LN Equity,2022-11-10,4994.3672
MNG LN Equity,2022-11-11,5066.5962
MNG LN Equity,2022-11-14,5074.6236
MNG LN Equity,2022-11-15,5104.207
MNG LN Equity,2022-11-16,5105.9863
MNG LN Equity,2022-11-17,5198.4746
MNG LN Equity,2022-11-18,5353.7111
MNG LN Equity,2022-11-21,5170.7232
MNG LN Equity,2022-11-22,5190.0608
MNG LN Equity,2022-11-23,5295.1748
MNG LN Equity,2022-11-24,5323.0507
MNG LN Equity,2022-11-25,5313.2136
MNG LN Equity,2022-11-28,5235.8798
MNG LN Equity,2022-11-29,5225.7126
MNG LN Equity,2022-11-30,5224.7662
MNG LN Equity,2022-12-01,5237.5426
MNG LN Equity,2022-12-02,5218.0366
MNG LN Equity,2022-12-05,5090.7562
MNG LN Equity,2022-12-06,5090.4685
MNG LN Equity,2022-12-07,5027.5564
MNG LN Equity,2022-12-08,4944.3475
MNG LN Equity,2022-12-09,5031.8439
MNG LN Equity,2022-12-12,5004.0455
MNG LN Equity,2022-12-13,5079.5535
MNG LN Equity,2022-12-14,5083.1936
MNG LN Equity,2022-12-15,4978.7658
MNG LN Equity,2022-12-16,4856.4576
MNG LN Equity,2022-12-19,4917.6977
MNG LN Equity,2022-12-20,4896.2315
MNG LN Equity,2022-12-21,4990.4309
MNG LN Equity,2022-12-22,4966.0981
MNG LN Equity,2022-12-23,4986.42
MNG LN Equity,2022-12-28,5002.89
MNG LN Equity,2022-12-29,4991.0534
MNG LN Equity,2022-12-30,4981.5448
MNG LN Equity,2023-01-03,5046.4831
MNG LN Equity,2023-01-04,5155.9635
MNG LN Equity,2023-01-05,5092.0406
MNG LN Equity,2023-01-06,5131.6971
MNG LN Equity,2023-01-09,5173.7286
MNG LN Equity,2023-01-10,5223.0149
MNG LN Equity,2023-01-11,5052.4131
MNG LN Equity,2023-01-12,5364.4384
MNG LN Equity,2023-01-13,5352.8155
MNG LN Equity,2023-01-16,5428.6008
MNG LN Equity,2023-01-17,5516.474
MNG LN Equity,2023-01-18,5501.4178
MNG LN Equity,2023-01-19,5422.6794
MNG LN Equity,2023-01-20,5516.7105
MNG LN Equity,2023-01-23,5541.8324
MNG LN Equity,2023-01-24,5498.6166
MNG LN Equity,2023-01-25,5507.9943
MNG LN Equity,2023-01-26,5562.2191
MNG LN Equity,2023-01-27,5579.5443
MNG LN Equity,2023-01-30,5533.6751
MNG LN Equity,2023-01-31,5377.718
MNG LN Equity,2023-02-01,5363.6101
MNG LN Equity,2023-02-02,5531.1177
MNG LN Equity,2023-02-03,5476.0499
MNG LN Equity,2023-02-06,5451.5286
MNG LN Equity,2023-02-07,5380.7155
MNG LN Equity,2023-02-08,5380.8769
MNG LN Equity,2023-02-09,5428.1179
MNG LN Equity,2023-02-10,5308.8739
MNG LN Equity,2023-02-13,5328.5005
MNG LN Equity,2023-02-14,5360.7373
MNG LN Equity,2023-02-15,5336.4446
MNG LN Equity,2023-02-16,5302.2789
MNG LN Equity,2023-02-17,5347.7295
MNG LN Equity,2023-02-20,5385.8821
MNG LN Equity,2023-02-21,5370.0016
MNG LN Equity,2023-02-22,5306.4111
MNG LN Equity,2023-02-23,5281.5011
MNG LN Equity,2023-02-24,5645.8475
MNG LN Equity,2023-02-27,5578.9829
MNG LN Equity,2023-02-28,5767.5584
MNG LN Equity,2023-03-01,5834.7466
MNG LN Equity,2023-03-02,5784.8416
MNG LN Equity,2023-03-03,5815.6993
MNG LN Equity,2023-03-06,5795.3096
MNG LN Equity,2023-03-07,5735.3105
MNG LN Equity,2023-03-08,5730.1173
MNG LN Equity,2023-03-09,5774.1359
MNG LN Equity,2023-03-10,5725.1213
MNG LN Equity,2023-03-13,5528.4994
MNG LN Equity,2023-03-14,5576.5148
MNG LN Equity,2023-03-15,5347.315
MNG LN Equity,2023-03-16,4899.9256
MNG LN Equity,2023-03-17,4790.7352
MNG LN Equity,2023-03-20,4868.8594
MNG LN Equity,2023-03-21,4965.9492
MNG LN Equity,2023-03-22,4985.608
MNG LN Equity,2023-03-23,4859.5826
MNG LN Equity,2023-03-24,4817.8865
MNG LN Equity,2023-03-27,4839.5882
MNG LN Equity,2023-03-28,4819.248
MNG LN Equity,2023-03-29,4988.8689
MNG LN Equity,2023-03-30,5109.2798
MNG LN Equity,2023-03-31,5308.8885
MNG LN Equity,2023-04-03,5191.6887
MNG LN Equity,2023-04-04,5163.3053
MNG LN Equity,2023-04-05,5120.5391
MNG LN Equity,2023-04-06,5114.4456
MNG LN Equity,2023-04-11,5213.4448
MNG LN Equity,2023-04-12,5240.223
MNG LN Equity,2023-04-13,5218.5346
MNG LN Equity,2023-04-14,5334.288
MNG LN Equity,2023-04-17,5235.7741
MNG LN Equity,2023-04-18,5344.4945
MNG LN Equity,2023-04-19,5349.6372
MNG LN Equity,2023-04-20,5345.1814
MNG LN Equity,2023-04-21,5347.2237
MNG LN Equity,2023-04-24,5395.5114
MNG LN Equity,2023-04-25,5330.3282
MNG LN Equity,2023-04-26,5373.4329
MNG LN Equity,2023-04-27,5398.8784
MNG LN Equity,2023-04-28,5518.6353
MNG LN Equity,2023-05-02,5430.7273
MNG LN Equity,2023-05-03,5476.3685
MNG LN Equity,2023-05-04,5368.0825
MNG LN Equity,2023-05-05,5490.5805
MNG LN Equity,2023-05-09,5416.0396
MNG LN Equity,2023-05-10,5421.569
MNG LN Equity,2023-05-11,5415.3172
MNG LN Equity,2023-05-12,5394.0204
MNG LN Equity,2023-05-15,5444.1876
MNG LN Equity,2023-05-16,5337.1194
MNG LN Equity,2023-05-17,5335.7882
MNG LN Equity,2023-05-18,5419.6023
MNG LN Equity,2023-05-19,5466.3013
MNG LN Equity,2023-05-22,5454.3862
MNG LN Equity,2023-05-23,5446.7448
MNG LN Equity,2023-05-24,5275.8223
MNG LN Equity,2023-05-25,5208.9984
MNG LN Equity,2023-05-26,5391.6486
MNG LN Equity,2023-05-30,5413.3648
MNG LN Equity,2023-05-31,5448.0119
MNG LN Equity,2023-06-01,5466.3814
MNG LN Equity,2023-06-02,5598.2312
MNG LN Equity,2023-06-05,5530.598
MNG LN Equity,2023-06-06,5582.9223
MNG LN Equity,2023-06-07,5599.9254
MNG LN Equity,2023-06-08,5528.7981
MNG LN Equity,2023-06-09,5574.0223
MNG LN Equity,2023-06-12,5523.9883
MNG LN Equity,2023-06-13,5580.7822
MNG LN Equity,2023-06-14,5576.0929
MNG LN Equity,2023-06-15,5530.1763
MNG LN Equity,2023-06-16,5462.6556
MNG LN Equity,2023-06-19,5432.4797
MNG LN Equity,2023-06-20,5382.1373
MNG LN Equity,2023-06-21,5331.754
MNG LN Equity,2023-06-22,5259.9456
MNG LN Equity,2023-06-23,5225.4507
MNG LN Equity,2023-06-26,5218.3718
MNG LN Equity,2023-06-27,5244.447
MNG LN Equity,2023-06-28,5285.5817
MNG LN Equity,2023-06-29,5226.4293
MNG LN Equity,2023-06-30,5262.4762
MNG LN Equity,2023-07-03,5327.3541
MNG LN Equity,2023-07-04,5334.4684
MNG LN Equity,2023-07-05,5190.4667
MNG LN Equity,2023-07-06,5058.4636
MNG LN Equity,2023-07-07,5099.5802
MNG LN Equity,2023-07-10,5125.0002
MNG LN Equity,2023-07-11,5167.1833
MNG LN Equity,2023-07-12,5246.4027
MNG LN Equity,2023-07-13,5359.9228
MNG LN Equity,2023-07-14,5281.8006
MNG LN Equity,2023-07-17,5189.6153
MNG LN Equity,2023-07-18,5252.0147
MNG LN Equity,2023-07-19,5428.4192
MNG LN Equity,2023-07-20,5589.3039
MNG LN Equity,2023-07-21,5510.0403
MNG LN Equity,2023-07-24,5505.6413
MNG LN Equity,2023-07-25,5545.3937
MNG LN Equity,2023-07-26,5631.627
MNG LN Equity,2023-07-27,5580.4507
MNG LN Equity,2023-07-28,5559.5536
MNG LN Equity,2023-07-31,5532.3242
MNG LN Equity,2023-08-01,5394.8484
MNG LN Equity,2023-08-02,5284.7291
MNG LN Equity,2023-08-03,5319.6436
MNG LN Equity,2023-08-04,5418.4942
MNG LN Equity,2023-08-07,5434.5139
MNG LN Equity,2023-08-08,5386.5732
MNG LN Equity,2023-08-09,5364.8978
MNG LN Equity,2023-08-10,5402.1578
MNG LN Equity,2023-08-11,5354.2406
MNG LN Equity,2023-08-14,5335.9081
MNG LN Equity,2023-08-15,5184.2958
MNG LN Equity,2023-08-16,5204.1159
MNG LN Equity,2023-08-17,5180.6904
MNG LN Equity,2023-08-18,5123.0097
MNG LN Equity,2023-08-21,5074.1303
MNG LN Equity,2023-08-22,5086.8848
MNG LN Equity,2023-08-23,5134.6599
MNG LN Equity,2023-08-24,5129.0575
MNG LN Equity,2023-08-25,5090.8094
MNG LN Equity,2023-08-29,5209.1018
MNG LN Equity,2023-08-30,5217.0888
MNG LN Equity,2023-08-31,5268.7679
MNG LN Equity,2023-09-01,5260.6751
MNG LN Equity,2023-09-04,5258.6878
MNG LN Equity,2023-09-05,5286.2618
MNG LN Equity,2023-09-06,5279.8007
MNG LN Equity,2023-09-07,5333.1793
MNG LN Equity,2023-09-08,5321.6265
MNG LN Equity,2023-09-11,5452.2529
MNG LN Equity,2023-09-12,5481.6277
MNG LN Equity,2023-09-13,5554.0611
MNG LN Equity,2023-09-14,5612.5226
MNG LN Equity,2023-09-15,5580.3929
MNG LN Equity,2023-09-18,5433.5798
MNG LN Equity,2023-09-19,5458.2664
MNG LN Equity,2023-09-20,5536.1308
MNG LN Equity,2023-09-21,5485.1271
MNG LN Equity,2023-09-22,5505.7779
MNG LN Equity,2023-09-25,5563.3729
MNG LN Equity,2023-09-26,5631.3228
MNG LN Equity,2023-09-27,5533.5314
MNG LN Equity,2023-09-28,5361.4059
MNG LN Equity,2023-09-29,5375.6978
MNG LN Equity,2023-10-02,5302.8435
MNG LN Equity,2023-10-03,5261.1596
MNG LN Equity,2023-10-04,5198.5549
MNG LN Equity,2023-10-05,5228.6905
MNG LN Equity,2023-10-06,5319.2703
MNG LN Equity,2023-10-09,5291.0917
MNG LN Equity,2023-10-10,5408.2991
MNG LN Equity,2023-10-11,5505.0076
MNG LN Equity,2023-10-12,5500.2553
MNG LN Equity,2023-10-13,5355.8782
MNG LN Equity,2023-10-16,5429.8335
MNG LN Equity,2023-10-17,5395.7429
MNG LN Equity,2023-10-18,5441.2822
MNG LN Equity,2023-10-19,5383.2025
MNG LN Equity,2023-10-20,5235.6384
MNG LN Equity,2023-10-23,5284.5028
MNG LN Equity,2023-10-24,5248.7679
MNG LN Equity,2023-10-25,5207.0474
MNG LN Equity,2023-10-26,5312.6076
MNG LN Equity,2023-10-27,5218.7908
MNG LN Equity,2023-10-30,5328.4896
MNG LN Equity,2023-10-31,5376.0996
MNG LN Equity,2023-11-01,5388.7843
MNG LN Equity,2023-11-02,5535.4182
MNG LN Equity,2023-11-03,5517.8291
MNG LN Equity,2023-11-06,5566.9683
MNG LN Equity,2023-11-07,5528.5081
MNG LN Equity,2023-11-08,5535.0397
MNG LN Equity,2023-11-09,5571.3297
MNG LN Equity,2023-11-10,5499.9986
MNG LN Equity,2023-11-13,5622.5139
MNG LN Equity,2023-11-14,5502.1968
MNG LN Equity,2023-11-15,5524.1871
MNG LN Equity,2023-11-16,5489.6049
MNG LN Equity,2023-11-17,5533.2591
MNG LN Equity,2023-11-20,5559.361
MNG LN Equity,2023-11-21,5523.3947
MNG LN Equity,2023-11-22,5503.834
MNG LN Equity,2023-11-23,5510.8125
MNG LN Equity,2023-11-24,5550.9864
MNG LN Equity,2023-11-27,5566.3877
MNG LN Equity,2023-11-28,5586.3959
MNG LN Equity,2023-11-29,5747.6164
MNG LN Equity,2023-11-30,5724.5845
MNG LN Equity,2023-12-01,5834.5886
MNG LN Equity,2023-12-04,5742.696
MNG LN Equity,2023-12-05,5729.1194
MNG LN Equity,2023-12-06,5838.5858
MNG LN Equity,2023-12-07,5831.4883
MNG LN Equity,2023-12-08,5880.6115
MNG LN Equity,2023-12-11,5959.4649
MNG LN Equity,2023-12-12,5967.3427
MNG LN Equity,2023-12-13,5949.2029
MNG LN Equity,2023-12-14,6018.8895
MNG LN Equity,2023-12-15,6050.8037
MNG LN Equity,2023-12-18,6001.9299
MNG LN Equity,2023-12-19,6029.1693
MNG LN Equity,2023-12-20,6092.1091
MNG LN Equity,2023-12-21,6051.8665
MNG LN Equity,2023-12-22,6111.4713
MNG LN Equity,2023-12-27,6139.3136
MNG LN Equity,2023-12-28,6121.0543
MNG LN Equity,2023-12-29,6075.2999
